key,symbol,oxidation_state,column_1,column_2,column_3,column_4,column_5,column_6,column_7,column_8,column_9,column_10,column_11,column_12,column_13,column_14,column_15,column_16,column_17,column_18,column_19,column_20,column_21,column_22,column_23,column_24,column_25,column_26,column_27,column_28,column_29,column_30,column_31,column_32,column_33,column_34,column_35,column_36,column_37,column_38,column_39,column_40,column_41,column_42,column_43,column_44,column_45,column_46,column_47,column_48,column_49,column_50,column_51,column_52,column_53,column_54,column_55,column_56,column_57,column_58,column_59,column_60,column_61,column_62,column_63,column_64,column_65,column_66,column_67,column_68,column_69,column_70,column_71,column_72,column_73,column_74,column_75,column_76,column_77,column_78,column_79,column_80,column_81,column_82,column_83,column_84,column_85,column_86,column_87,column_88,column_89,column_90,column_91,column_92,column_93,column_94,column_95,column_96,column_97,column_98,column_99,column_100,column_101,column_102,column_103,column_104,column_105,column_106,column_107,column_108,column_109,column_110,column_111,column_112,column_113,column_114,column_115,column_116,column_117,column_118,column_119,column_120,column_121,column_122,column_123,column_124,column_125,column_126,column_127,column_128,column_129,column_130,column_131,column_132,column_133,column_134,column_135,column_136,column_137
Ac_+3,Ac,3,0,1,-1,0,1,-1,0,1,1,1,-1,-1,-1,0,1,-1,0,1,1,1,-1,-1,-1,0,1,-1,0,1,1,1,1,1,-1,-1,-1,-1,-1,0,1,1,1,-1,-1,-1,0,1,-1,0,1,1,1,1,1,-1,-1,-1,-1,-1,0,1,1,1,-1,-1,-1,0,1,-1,0,1,1,1,1,1,1,1,-1,-1,-1,-1,-1,-1,-1,0,1,1,1,1,1,-1,-1,-1,-1,-1,0,1,1,1,-1,-1,-1,1,0,0,1,0,0,0,0,0,0,0,0,0,0,0,0,0,0,1,0,0,0,0,0,0,0,0,0,0,1,0,0,0,0,0,0
Ag_+1,Ag,1,0,1,-1,0,1,-1,0,1,1,1,-1,-1,-1,0,1,-1,0,1,1,1,-1,-1,-1,0,1,-1,0,1,1,1,1,1,-1,-1,-1,-1,-1,0,1,1,1,-1,-1,-1,1,0,0,0,1,1,1,1,1,-1,-1,-1,-1,-1,1,0,0,0,0,0,0,1,0,0,1,0,0,0,0,0,0,0,0,0,0,0,0,0,0,1,0,0,0,0,0,0,0,0,0,0,1,0,0,0,0,0,0,1,0,0,1,0,0,0,0,0,0,0,0,0,0,0,0,0,0,1,0,0,0,0,0,0,0,0,0,0,1,0,0,0,0,0,0
Ag_+2,Ag,2,0,1,-1,0,1,-1,0,1,1,1,-1,-1,-1,0,1,-1,0,1,1,1,-1,-1,-1,0,1,-1,0,1,1,1,1,1,-1,-1,-1,-1,-1,0,1,1,1,-1,-1,-1,1,0,0,0,1,1,1,1,1,-1,-1,-1,-1,0,1,0,0,0,0,0,0,1,0,0,1,0,0,0,0,0,0,0,0,0,0,0,0,0,0,1,0,0,0,0,0,0,0,0,0,0,1,0,0,0,0,0,0,1,0,0,1,0,0,0,0,0,0,0,0,0,0,0,0,0,0,1,0,0,0,0,0,0,0,0,0,0,1,0,0,0,0,0,0
Ag_+3,Ag,3,0,1,-1,0,1,-1,0,1,1,1,-1,-1,-1,0,1,-1,0,1,1,1,-1,-1,-1,0,1,-1,0,1,1,1,1,1,-1,-1,-1,-1,-1,0,1,1,1,-1,-1,-1,1,0,0,0,1,1,1,1,1,-1,-1,-1,0,0,1,0,0,0,0,0,0,1,0,0,1,0,0,0,0,0,0,0,0,0,0,0,0,0,0,1,0,0,0,0,0,0,0,0,0,0,1,0,0,0,0,0,0,1,0,0,1,0,0,0,0,0,0,0,0,0,0,0,0,0,0,1,0,0,0,0,0,0,0,0,0,0,1,0,0,0,0,0,0
Al_+3,Al,3,0,1,-1,0,1,-1,0,1,1,1,-1,-1,-1,1,0,0,1,0,0,0,0,0,0,1,0,0,1,0,0,0,0,0,0,0,0,0,0,1,0,0,0,0,0,0,1,0,0,1,0,0,0,0,0,0,0,0,0,0,1,0,0,0,0,0,0,1,0,0,1,0,0,0,0,0,0,0,0,0,0,0,0,0,0,1,0,0,0,0,0,0,0,0,0,0,1,0,0,0,0,0,0,1,0,0,1,0,0,0,0,0,0,0,0,0,0,0,0,0,0,1,0,0,0,0,0,0,0,0,0,0,1,0,0,0,0,0,0
As_-3,As,-3,0,1,-1,0,1,-1,0,1,1,1,-1,-1,-1,0,1,-1,0,1,1,1,-1,-1,-1,0,1,-1,0,1,1,1,1,1,-1,-1,-1,-1,-1,0,1,1,1,-1,-1,-1,1,0,0,1,0,0,0,0,0,0,0,0,0,0,1,0,0,0,0,0,0,1,0,0,1,0,0,0,0,0,0,0,0,0,0,0,0,0,0,1,0,0,0,0,0,0,0,0,0,0,1,0,0,0,0,0,0,1,0,0,1,0,0,0,0,0,0,0,0,0,0,0,0,0,0,1,0,0,0,0,0,0,0,0,0,0,1,0,0,0,0,0,0
As_-2,As,-2,0,1,-1,0,1,-1,0,1,1,1,-1,-1,-1,0,1,-1,0,1,1,1,-1,-1,-1,0,1,-1,0,1,1,1,1,1,-1,-1,-1,-1,-1,0,1,1,1,-1,-1,0,1,0,0,1,0,0,0,0,0,0,0,0,0,0,1,0,0,0,0,0,0,1,0,0,1,0,0,0,0,0,0,0,0,0,0,0,0,0,0,1,0,0,0,0,0,0,0,0,0,0,1,0,0,0,0,0,0,1,0,0,1,0,0,0,0,0,0,0,0,0,0,0,0,0,0,1,0,0,0,0,0,0,0,0,0,0,1,0,0,0,0,0,0
As_-1,As,-1,0,1,-1,0,1,-1,0,1,1,1,-1,-1,-1,0,1,-1,0,1,1,1,-1,-1,-1,0,1,-1,0,1,1,1,1,1,-1,-1,-1,-1,-1,0,1,1,1,-1,0,0,1,0,0,1,0,0,0,0,0,0,0,0,0,0,1,0,0,0,0,0,0,1,0,0,1,0,0,0,0,0,0,0,0,0,0,0,0,0,0,1,0,0,0,0,0,0,0,0,0,0,1,0,0,0,0,0,0,1,0,0,1,0,0,0,0,0,0,0,0,0,0,0,0,0,0,1,0,0,0,0,0,0,0,0,0,0,1,0,0,0,0,0,0
As_+0,As,0,0,1,-1,0,1,-1,0,1,1,1,-1,-1,-1,0,1,-1,0,1,1,1,-1,-1,-1,0,1,-1,0,1,1,1,1,1,-1,-1,-1,-1,-1,0,1,1,1,0,0,0,1,0,0,1,0,0,0,0,0,0,0,0,0,0,1,0,0,0,0,0,0,1,0,0,1,0,0,0,0,0,0,0,0,0,0,0,0,0,0,1,0,0,0,0,0,0,0,0,0,0,1,0,0,0,0,0,0,1,0,0,1,0,0,0,0,0,0,0,0,0,0,0,0,0,0,1,0,0,0,0,0,0,0,0,0,0,1,0,0,0,0,0,0
As_+1,As,1,0,1,-1,0,1,-1,0,1,1,1,-1,-1,-1,0,1,-1,0,1,1,1,-1,-1,-1,0,1,-1,0,1,1,1,1,1,-1,-1,-1,-1,-1,0,1,1,0,0,0,0,1,0,0,1,0,0,0,0,0,0,0,0,0,0,1,0,0,0,0,0,0,1,0,0,1,0,0,0,0,0,0,0,0,0,0,0,0,0,0,1,0,0,0,0,0,0,0,0,0,0,1,0,0,0,0,0,0,1,0,0,1,0,0,0,0,0,0,0,0,0,0,0,0,0,0,1,0,0,0,0,0,0,0,0,0,0,1,0,0,0,0,0,0
As_+2,As,2,0,1,-1,0,1,-1,0,1,1,1,-1,-1,-1,0,1,-1,0,1,1,1,-1,-1,-1,0,1,-1,0,1,1,1,1,1,-1,-1,-1,-1,-1,0,1,0,0,0,0,0,1,0,0,1,0,0,0,0,0,0,0,0,0,0,1,0,0,0,0,0,0,1,0,0,1,0,0,0,0,0,0,0,0,0,0,0,0,0,0,1,0,0,0,0,0,0,0,0,0,0,1,0,0,0,0,0,0,1,0,0,1,0,0,0,0,0,0,0,0,0,0,0,0,0,0,1,0,0,0,0,0,0,0,0,0,0,1,0,0,0,0,0,0
As_+3,As,3,0,1,-1,0,1,-1,0,1,1,1,-1,-1,-1,0,1,-1,0,1,1,1,-1,-1,-1,0,1,-1,0,1,1,1,1,1,-1,-1,-1,-1,-1,1,0,0,0,0,0,0,1,0,0,1,0,0,0,0,0,0,0,0,0,0,1,0,0,0,0,0,0,1,0,0,1,0,0,0,0,0,0,0,0,0,0,0,0,0,0,1,0,0,0,0,0,0,0,0,0,0,1,0,0,0,0,0,0,1,0,0,1,0,0,0,0,0,0,0,0,0,0,0,0,0,0,1,0,0,0,0,0,0,0,0,0,0,1,0,0,0,0,0,0
As_+4,As,4,0,1,-1,0,1,-1,0,1,1,1,-1,-1,-1,0,1,-1,0,1,1,1,-1,-1,-1,0,1,0,0,1,1,1,1,1,-1,-1,-1,-1,-1,1,0,0,0,0,0,0,1,0,0,1,0,0,0,0,0,0,0,0,0,0,1,0,0,0,0,0,0,1,0,0,1,0,0,0,0,0,0,0,0,0,0,0,0,0,0,1,0,0,0,0,0,0,0,0,0,0,1,0,0,0,0,0,0,1,0,0,1,0,0,0,0,0,0,0,0,0,0,0,0,0,0,1,0,0,0,0,0,0,0,0,0,0,1,0,0,0,0,0,0
As_+5,As,5,0,1,-1,0,1,-1,0,1,1,1,-1,-1,-1,0,1,-1,0,1,1,1,-1,-1,-1,1,0,0,0,1,1,1,1,1,-1,-1,-1,-1,-1,1,0,0,0,0,0,0,1,0,0,1,0,0,0,0,0,0,0,0,0,0,1,0,0,0,0,0,0,1,0,0,1,0,0,0,0,0,0,0,0,0,0,0,0,0,0,1,0,0,0,0,0,0,0,0,0,0,1,0,0,0,0,0,0,1,0,0,1,0,0,0,0,0,0,0,0,0,0,0,0,0,0,1,0,0,0,0,0,0,0,0,0,0,1,0,0,0,0,0,0
Au_-1,Au,-1,0,1,-1,0,1,-1,0,1,1,1,-1,-1,-1,0,1,-1,0,1,1,1,-1,-1,-1,0,1,-1,0,1,1,1,1,1,-1,-1,-1,-1,-1,0,1,1,1,-1,-1,-1,0,1,-1,0,1,1,1,1,1,-1,-1,-1,-1,-1,0,1,1,1,-1,-1,-1,0,1,-1,0,1,1,1,1,1,1,1,-1,-1,-1,-1,-1,-1,-1,0,1,1,1,1,1,-1,-1,-1,-1,-1,1,0,0,0,0,0,0,1,0,0,1,0,0,0,0,0,0,0,0,0,0,0,0,0,0,1,0,0,0,0,0,0,0,0,0,0,1,0,0,0,0,0,0
Au_+0,Au,0,0,1,-1,0,1,-1,0,1,1,1,-1,-1,-1,0,1,-1,0,1,1,1,-1,-1,-1,0,1,-1,0,1,1,1,1,1,-1,-1,-1,-1,-1,0,1,1,1,-1,-1,-1,0,1,-1,0,1,1,1,1,1,-1,-1,-1,-1,-1,0,1,1,1,-1,-1,-1,0,1,0,0,1,1,1,1,1,1,1,-1,-1,-1,-1,-1,-1,-1,0,1,1,1,1,1,-1,-1,-1,-1,-1,1,0,0,0,0,0,0,1,0,0,1,0,0,0,0,0,0,0,0,0,0,0,0,0,0,1,0,0,0,0,0,0,0,0,0,0,1,0,0,0,0,0,0
Au_+1,Au,1,0,1,-1,0,1,-1,0,1,1,1,-1,-1,-1,0,1,-1,0,1,1,1,-1,-1,-1,0,1,-1,0,1,1,1,1,1,-1,-1,-1,-1,-1,0,1,1,1,-1,-1,-1,0,1,-1,0,1,1,1,1,1,-1,-1,-1,-1,-1,0,1,1,1,-1,-1,-1,1,0,0,0,1,1,1,1,1,1,1,-1,-1,-1,-1,-1,-1,-1,0,1,1,1,1,1,-1,-1,-1,-1,-1,1,0,0,0,0,0,0,1,0,0,1,0,0,0,0,0,0,0,0,0,0,0,0,0,0,1,0,0,0,0,0,0,0,0,0,0,1,0,0,0,0,0,0
Au_+2,Au,2,0,1,-1,0,1,-1,0,1,1,1,-1,-1,-1,0,1,-1,0,1,1,1,-1,-1,-1,0,1,-1,0,1,1,1,1,1,-1,-1,-1,-1,-1,0,1,1,1,-1,-1,-1,0,1,-1,0,1,1,1,1,1,-1,-1,-1,-1,-1,0,1,1,1,-1,-1,-1,1,0,0,0,1,1,1,1,1,1,1,-1,-1,-1,-1,-1,-1,-1,0,1,1,1,1,1,-1,-1,-1,-1,0,1,0,0,0,0,0,0,1,0,0,1,0,0,0,0,0,0,0,0,0,0,0,0,0,0,1,0,0,0,0,0,0,0,0,0,0,1,0,0,0,0,0,0
Au_+3,Au,3,0,1,-1,0,1,-1,0,1,1,1,-1,-1,-1,0,1,-1,0,1,1,1,-1,-1,-1,0,1,-1,0,1,1,1,1,1,-1,-1,-1,-1,-1,0,1,1,1,-1,-1,-1,0,1,-1,0,1,1,1,1,1,-1,-1,-1,-1,-1,0,1,1,1,-1,-1,-1,1,0,0,0,1,1,1,1,1,1,1,-1,-1,-1,-1,-1,-1,-1,0,1,1,1,1,1,-1,-1,-1,0,0,1,0,0,0,0,0,0,1,0,0,1,0,0,0,0,0,0,0,0,0,0,0,0,0,0,1,0,0,0,0,0,0,0,0,0,0,1,0,0,0,0,0,0
Au_+4,Au,4,0,1,-1,0,1,-1,0,1,1,1,-1,-1,-1,0,1,-1,0,1,1,1,-1,-1,-1,0,1,-1,0,1,1,1,1,1,-1,-1,-1,-1,-1,0,1,1,1,-1,-1,-1,0,1,-1,0,1,1,1,1,1,-1,-1,-1,-1,-1,0,1,1,1,-1,-1,-1,1,0,0,0,1,1,1,1,1,1,1,-1,-1,-1,-1,-1,-1,-1,0,1,1,1,1,1,-1,-1,0,0,0,1,0,0,0,0,0,0,1,0,0,1,0,0,0,0,0,0,0,0,0,0,0,0,0,0,1,0,0,0,0,0,0,0,0,0,0,1,0,0,0,0,0,0
Au_+5,Au,5,0,1,-1,0,1,-1,0,1,1,1,-1,-1,-1,0,1,-1,0,1,1,1,-1,-1,-1,0,1,-1,0,1,1,1,1,1,-1,-1,-1,-1,-1,0,1,1,1,-1,-1,-1,0,1,-1,0,1,1,1,1,1,-1,-1,-1,-1,-1,0,1,1,1,-1,-1,-1,1,0,0,0,1,1,1,1,1,1,1,-1,-1,-1,-1,-1,-1,-1,0,1,1,1,1,1,-1,0,0,0,0,1,0,0,0,0,0,0,1,0,0,1,0,0,0,0,0,0,0,0,0,0,0,0,0,0,1,0,0,0,0,0,0,0,0,0,0,1,0,0,0,0,0,0
B_-3,B,-3,0,1,-1,0,1,-1,0,1,1,1,-1,0,0,1,0,0,1,0,0,0,0,0,0,1,0,0,1,0,0,0,0,0,0,0,0,0,0,1,0,0,0,0,0,0,1,0,0,1,0,0,0,0,0,0,0,0,0,0,1,0,0,0,0,0,0,1,0,0,1,0,0,0,0,0,0,0,0,0,0,0,0,0,0,1,0,0,0,0,0,0,0,0,0,0,1,0,0,0,0,0,0,1,0,0,1,0,0,0,0,0,0,0,0,0,0,0,0,0,0,1,0,0,0,0,0,0,0,0,0,0,1,0,0,0,0,0,0
B_-2,B,-2,0,1,-1,0,1,-1,0,1,1,1,0,0,0,1,0,0,1,0,0,0,0,0,0,1,0,0,1,0,0,0,0,0,0,0,0,0,0,1,0,0,0,0,0,0,1,0,0,1,0,0,0,0,0,0,0,0,0,0,1,0,0,0,0,0,0,1,0,0,1,0,0,0,0,0,0,0,0,0,0,0,0,0,0,1,0,0,0,0,0,0,0,0,0,0,1,0,0,0,0,0,0,1,0,0,1,0,0,0,0,0,0,0,0,0,0,0,0,0,0,1,0,0,0,0,0,0,0,0,0,0,1,0,0,0,0,0,0
B_-1,B,-1,0,1,-1,0,1,-1,0,1,1,0,0,0,0,1,0,0,1,0,0,0,0,0,0,1,0,0,1,0,0,0,0,0,0,0,0,0,0,1,0,0,0,0,0,0,1,0,0,1,0,0,0,0,0,0,0,0,0,0,1,0,0,0,0,0,0,1,0,0,1,0,0,0,0,0,0,0,0,0,0,0,0,0,0,1,0,0,0,0,0,0,0,0,0,0,1,0,0,0,0,0,0,1,0,0,1,0,0,0,0,0,0,0,0,0,0,0,0,0,0,1,0,0,0,0,0,0,0,0,0,0,1,0,0,0,0,0,0
B_+0,B,0,0,1,-1,0,1,-1,0,1,0,0,0,0,0,1,0,0,1,0,0,0,0,0,0,1,0,0,1,0,0,0,0,0,0,0,0,0,0,1,0,0,0,0,0,0,1,0,0,1,0,0,0,0,0,0,0,0,0,0,1,0,0,0,0,0,0,1,0,0,1,0,0,0,0,0,0,0,0,0,0,0,0,0,0,1,0,0,0,0,0,0,0,0,0,0,1,0,0,0,0,0,0,1,0,0,1,0,0,0,0,0,0,0,0,0,0,0,0,0,0,1,0,0,0,0,0,0,0,0,0,0,1,0,0,0,0,0,0
B_+1,B,1,0,1,-1,0,1,-1,1,0,0,0,0,0,0,1,0,0,1,0,0,0,0,0,0,1,0,0,1,0,0,0,0,0,0,0,0,0,0,1,0,0,0,0,0,0,1,0,0,1,0,0,0,0,0,0,0,0,0,0,1,0,0,0,0,0,0,1,0,0,1,0,0,0,0,0,0,0,0,0,0,0,0,0,0,1,0,0,0,0,0,0,0,0,0,0,1,0,0,0,0,0,0,1,0,0,1,0,0,0,0,0,0,0,0,0,0,0,0,0,0,1,0,0,0,0,0,0,0,0,0,0,1,0,0,0,0,0,0
B_+3,B,3,0,1,-1,1,0,0,1,0,0,0,0,0,0,1,0,0,1,0,0,0,0,0,0,1,0,0,1,0,0,0,0,0,0,0,0,0,0,1,0,0,0,0,0,0,1,0,0,1,0,0,0,0,0,0,0,0,0,0,1,0,0,0,0,0,0,1,0,0,1,0,0,0,0,0,0,0,0,0,0,0,0,0,0,1,0,0,0,0,0,0,0,0,0,0,1,0,0,0,0,0,0,1,0,0,1,0,0,0,0,0,0,0,0,0,0,0,0,0,0,1,0,0,0,0,0,0,0,0,0,0,1,0,0,0,0,0,0
Ba_+2,Ba,2,0,1,-1,0,1,-1,0,1,1,1,-1,-1,-1,0,1,-1,0,1,1,1,-1,-1,-1,0,1,-1,0,1,1,1,1,1,-1,-1,-1,-1,-1,0,1,1,1,-1,-1,-1,0,1,-1,0,1,1,1,1,1,-1,-1,-1,-1,-1,0,1,1,1,-1,-1,-1,1,0,0,1,0,0,0,0,0,0,0,0,0,0,0,0,0,0,1,0,0,0,0,0,0,0,0,0,0,1,0,0,0,0,0,0,1,0,0,1,0,0,0,0,0,0,0,0,0,0,0,0,0,0,1,0,0,0,0,0,0,0,0,0,0,1,0,0,0,0,0,0
Be_+2,Be,2,0,1,-1,1,0,0,1,0,0,0,0,0,0,1,0,0,1,0,0,0,0,0,0,1,0,0,1,0,0,0,0,0,0,0,0,0,0,1,0,0,0,0,0,0,1,0,0,1,0,0,0,0,0,0,0,0,0,0,1,0,0,0,0,0,0,1,0,0,1,0,0,0,0,0,0,0,0,0,0,0,0,0,0,1,0,0,0,0,0,0,0,0,0,0,1,0,0,0,0,0,0,1,0,0,1,0,0,0,0,0,0,0,0,0,0,0,0,0,0,1,0,0,0,0,0,0,0,0,0,0,1,0,0,0,0,0,0
Bi_+1,Bi,1,0,1,-1,0,1,-1,0,1,1,1,-1,-1,-1,0,1,-1,0,1,1,1,-1,-1,-1,0,1,-1,0,1,1,1,1,1,-1,-1,-1,-1,-1,0,1,1,1,-1,-1,-1,0,1,-1,0,1,1,1,1,1,-1,-1,-1,-1,-1,0,1,1,1,-1,-1,-1,0,1,-1,0,1,1,1,1,1,1,1,-1,-1,-1,-1,-1,-1,-1,0,1,1,1,1,1,-1,-1,-1,-1,-1,0,1,1,0,0,0,0,1,0,0,1,0,0,0,0,0,0,0,0,0,0,0,0,0,0,1,0,0,0,0,0,0,0,0,0,0,1,0,0,0,0,0,0
Bi_+2,Bi,2,0,1,-1,0,1,-1,0,1,1,1,-1,-1,-1,0,1,-1,0,1,1,1,-1,-1,-1,0,1,-1,0,1,1,1,1,1,-1,-1,-1,-1,-1,0,1,1,1,-1,-1,-1,0,1,-1,0,1,1,1,1,1,-1,-1,-1,-1,-1,0,1,1,1,-1,-1,-1,0,1,-1,0,1,1,1,1,1,1,1,-1,-1,-1,-1,-1,-1,-1,0,1,1,1,1,1,-1,-1,-1,-1,-1,0,1,0,0,0,0,0,1,0,0,1,0,0,0,0,0,0,0,0,0,0,0,0,0,0,1,0,0,0,0,0,0,0,0,0,0,1,0,0,0,0,0,0
Bi_+3,Bi,3,0,1,-1,0,1,-1,0,1,1,1,-1,-1,-1,0,1,-1,0,1,1,1,-1,-1,-1,0,1,-1,0,1,1,1,1,1,-1,-1,-1,-1,-1,0,1,1,1,-1,-1,-1,0,1,-1,0,1,1,1,1,1,-1,-1,-1,-1,-1,0,1,1,1,-1,-1,-1,0,1,-1,0,1,1,1,1,1,1,1,-1,-1,-1,-1,-1,-1,-1,0,1,1,1,1,1,-1,-1,-1,-1,-1,1,0,0,0,0,0,0,1,0,0,1,0,0,0,0,0,0,0,0,0,0,0,0,0,0,1,0,0,0,0,0,0,0,0,0,0,1,0,0,0,0,0,0
Bi_+4,Bi,4,0,1,-1,0,1,-1,0,1,1,1,-1,-1,-1,0,1,-1,0,1,1,1,-1,-1,-1,0,1,-1,0,1,1,1,1,1,-1,-1,-1,-1,-1,0,1,1,1,-1,-1,-1,0,1,-1,0,1,1,1,1,1,-1,-1,-1,-1,-1,0,1,1,1,-1,-1,-1,0,1,0,0,1,1,1,1,1,1,1,-1,-1,-1,-1,-1,-1,-1,0,1,1,1,1,1,-1,-1,-1,-1,-1,1,0,0,0,0,0,0,1,0,0,1,0,0,0,0,0,0,0,0,0,0,0,0,0,0,1,0,0,0,0,0,0,0,0,0,0,1,0,0,0,0,0,0
Bi_+5,Bi,5,0,1,-1,0,1,-1,0,1,1,1,-1,-1,-1,0,1,-1,0,1,1,1,-1,-1,-1,0,1,-1,0,1,1,1,1,1,-1,-1,-1,-1,-1,0,1,1,1,-1,-1,-1,0,1,-1,0,1,1,1,1,1,-1,-1,-1,-1,-1,0,1,1,1,-1,-1,-1,1,0,0,0,1,1,1,1,1,1,1,-1,-1,-1,-1,-1,-1,-1,0,1,1,1,1,1,-1,-1,-1,-1,-1,1,0,0,0,0,0,0,1,0,0,1,0,0,0,0,0,0,0,0,0,0,0,0,0,0,1,0,0,0,0,0,0,0,0,0,0,1,0,0,0,0,0,0
Br_-1,Br,-1,0,1,-1,0,1,-1,0,1,1,1,-1,-1,-1,0,1,-1,0,1,1,1,-1,-1,-1,0,1,-1,0,1,1,1,1,1,-1,-1,-1,-1,-1,0,1,1,1,-1,-1,-1,1,0,0,1,0,0,0,0,0,0,0,0,0,0,1,0,0,0,0,0,0,1,0,0,1,0,0,0,0,0,0,0,0,0,0,0,0,0,0,1,0,0,0,0,0,0,0,0,0,0,1,0,0,0,0,0,0,1,0,0,1,0,0,0,0,0,0,0,0,0,0,0,0,0,0,1,0,0,0,0,0,0,0,0,0,0,1,0,0,0,0,0,0
Br_+0,Br,0,0,1,-1,0,1,-1,0,1,1,1,-1,-1,-1,0,1,-1,0,1,1,1,-1,-1,-1,0,1,-1,0,1,1,1,1,1,-1,-1,-1,-1,-1,0,1,1,1,-1,-1,0,1,0,0,1,0,0,0,0,0,0,0,0,0,0,1,0,0,0,0,0,0,1,0,0,1,0,0,0,0,0,0,0,0,0,0,0,0,0,0,1,0,0,0,0,0,0,0,0,0,0,1,0,0,0,0,0,0,1,0,0,1,0,0,0,0,0,0,0,0,0,0,0,0,0,0,1,0,0,0,0,0,0,0,0,0,0,1,0,0,0,0,0,0
Br_+1,Br,1,0,1,-1,0,1,-1,0,1,1,1,-1,-1,-1,0,1,-1,0,1,1,1,-1,-1,-1,0,1,-1,0,1,1,1,1,1,-1,-1,-1,-1,-1,0,1,1,1,-1,0,0,1,0,0,1,0,0,0,0,0,0,0,0,0,0,1,0,0,0,0,0,0,1,0,0,1,0,0,0,0,0,0,0,0,0,0,0,0,0,0,1,0,0,0,0,0,0,0,0,0,0,1,0,0,0,0,0,0,1,0,0,1,0,0,0,0,0,0,0,0,0,0,0,0,0,0,1,0,0,0,0,0,0,0,0,0,0,1,0,0,0,0,0,0
Br_+2,Br,2,0,1,-1,0,1,-1,0,1,1,1,-1,-1,-1,0,1,-1,0,1,1,1,-1,-1,-1,0,1,-1,0,1,1,1,1,1,-1,-1,-1,-1,-1,0,1,1,1,0,0,0,1,0,0,1,0,0,0,0,0,0,0,0,0,0,1,0,0,0,0,0,0,1,0,0,1,0,0,0,0,0,0,0,0,0,0,0,0,0,0,1,0,0,0,0,0,0,0,0,0,0,1,0,0,0,0,0,0,1,0,0,1,0,0,0,0,0,0,0,0,0,0,0,0,0,0,1,0,0,0,0,0,0,0,0,0,0,1,0,0,0,0,0,0
Br_+3,Br,3,0,1,-1,0,1,-1,0,1,1,1,-1,-1,-1,0,1,-1,0,1,1,1,-1,-1,-1,0,1,-1,0,1,1,1,1,1,-1,-1,-1,-1,-1,0,1,1,0,0,0,0,1,0,0,1,0,0,0,0,0,0,0,0,0,0,1,0,0,0,0,0,0,1,0,0,1,0,0,0,0,0,0,0,0,0,0,0,0,0,0,1,0,0,0,0,0,0,0,0,0,0,1,0,0,0,0,0,0,1,0,0,1,0,0,0,0,0,0,0,0,0,0,0,0,0,0,1,0,0,0,0,0,0,0,0,0,0,1,0,0,0,0,0,0
Br_+5,Br,5,0,1,-1,0,1,-1,0,1,1,1,-1,-1,-1,0,1,-1,0,1,1,1,-1,-1,-1,0,1,-1,0,1,1,1,1,1,-1,-1,-1,-1,-1,1,0,0,0,0,0,0,1,0,0,1,0,0,0,0,0,0,0,0,0,0,1,0,0,0,0,0,0,1,0,0,1,0,0,0,0,0,0,0,0,0,0,0,0,0,0,1,0,0,0,0,0,0,0,0,0,0,1,0,0,0,0,0,0,1,0,0,1,0,0,0,0,0,0,0,0,0,0,0,0,0,0,1,0,0,0,0,0,0,0,0,0,0,1,0,0,0,0,0,0
C_-4,C,-4,0,1,-1,0,1,-1,0,1,1,1,-1,-1,-1,1,0,0,1,0,0,0,0,0,0,1,0,0,1,0,0,0,0,0,0,0,0,0,0,1,0,0,0,0,0,0,1,0,0,1,0,0,0,0,0,0,0,0,0,0,1,0,0,0,0,0,0,1,0,0,1,0,0,0,0,0,0,0,0,0,0,0,0,0,0,1,0,0,0,0,0,0,0,0,0,0,1,0,0,0,0,0,0,1,0,0,1,0,0,0,0,0,0,0,0,0,0,0,0,0,0,1,0,0,0,0,0,0,0,0,0,0,1,0,0,0,0,0,0
C_-3,C,-3,0,1,-1,0,1,-1,0,1,1,1,-1,-1,0,1,0,0,1,0,0,0,0,0,0,1,0,0,1,0,0,0,0,0,0,0,0,0,0,1,0,0,0,0,0,0,1,0,0,1,0,0,0,0,0,0,0,0,0,0,1,0,0,0,0,0,0,1,0,0,1,0,0,0,0,0,0,0,0,0,0,0,0,0,0,1,0,0,0,0,0,0,0,0,0,0,1,0,0,0,0,0,0,1,0,0,1,0,0,0,0,0,0,0,0,0,0,0,0,0,0,1,0,0,0,0,0,0,0,0,0,0,1,0,0,0,0,0,0
C_-2,C,-2,0,1,-1,0,1,-1,0,1,1,1,-1,0,0,1,0,0,1,0,0,0,0,0,0,1,0,0,1,0,0,0,0,0,0,0,0,0,0,1,0,0,0,0,0,0,1,0,0,1,0,0,0,0,0,0,0,0,0,0,1,0,0,0,0,0,0,1,0,0,1,0,0,0,0,0,0,0,0,0,0,0,0,0,0,1,0,0,0,0,0,0,0,0,0,0,1,0,0,0,0,0,0,1,0,0,1,0,0,0,0,0,0,0,0,0,0,0,0,0,0,1,0,0,0,0,0,0,0,0,0,0,1,0,0,0,0,0,0
C_-1,C,-1,0,1,-1,0,1,-1,0,1,1,1,0,0,0,1,0,0,1,0,0,0,0,0,0,1,0,0,1,0,0,0,0,0,0,0,0,0,0,1,0,0,0,0,0,0,1,0,0,1,0,0,0,0,0,0,0,0,0,0,1,0,0,0,0,0,0,1,0,0,1,0,0,0,0,0,0,0,0,0,0,0,0,0,0,1,0,0,0,0,0,0,0,0,0,0,1,0,0,0,0,0,0,1,0,0,1,0,0,0,0,0,0,0,0,0,0,0,0,0,0,1,0,0,0,0,0,0,0,0,0,0,1,0,0,0,0,0,0
C_+0,C,0,0,1,-1,0,1,-1,0,1,1,0,0,0,0,1,0,0,1,0,0,0,0,0,0,1,0,0,1,0,0,0,0,0,0,0,0,0,0,1,0,0,0,0,0,0,1,0,0,1,0,0,0,0,0,0,0,0,0,0,1,0,0,0,0,0,0,1,0,0,1,0,0,0,0,0,0,0,0,0,0,0,0,0,0,1,0,0,0,0,0,0,0,0,0,0,1,0,0,0,0,0,0,1,0,0,1,0,0,0,0,0,0,0,0,0,0,0,0,0,0,1,0,0,0,0,0,0,0,0,0,0,1,0,0,0,0,0,0
C_+1,C,1,0,1,-1,0,1,-1,0,1,0,0,0,0,0,1,0,0,1,0,0,0,0,0,0,1,0,0,1,0,0,0,0,0,0,0,0,0,0,1,0,0,0,0,0,0,1,0,0,1,0,0,0,0,0,0,0,0,0,0,1,0,0,0,0,0,0,1,0,0,1,0,0,0,0,0,0,0,0,0,0,0,0,0,0,1,0,0,0,0,0,0,0,0,0,0,1,0,0,0,0,0,0,1,0,0,1,0,0,0,0,0,0,0,0,0,0,0,0,0,0,1,0,0,0,0,0,0,0,0,0,0,1,0,0,0,0,0,0
C_+2,C,2,0,1,-1,0,1,-1,1,0,0,0,0,0,0,1,0,0,1,0,0,0,0,0,0,1,0,0,1,0,0,0,0,0,0,0,0,0,0,1,0,0,0,0,0,0,1,0,0,1,0,0,0,0,0,0,0,0,0,0,1,0,0,0,0,0,0,1,0,0,1,0,0,0,0,0,0,0,0,0,0,0,0,0,0,1,0,0,0,0,0,0,0,0,0,0,1,0,0,0,0,0,0,1,0,0,1,0,0,0,0,0,0,0,0,0,0,0,0,0,0,1,0,0,0,0,0,0,0,0,0,0,1,0,0,0,0,0,0
C_+3,C,3,0,1,-1,0,1,0,1,0,0,0,0,0,0,1,0,0,1,0,0,0,0,0,0,1,0,0,1,0,0,0,0,0,0,0,0,0,0,1,0,0,0,0,0,0,1,0,0,1,0,0,0,0,0,0,0,0,0,0,1,0,0,0,0,0,0,1,0,0,1,0,0,0,0,0,0,0,0,0,0,0,0,0,0,1,0,0,0,0,0,0,0,0,0,0,1,0,0,0,0,0,0,1,0,0,1,0,0,0,0,0,0,0,0,0,0,0,0,0,0,1,0,0,0,0,0,0,0,0,0,0,1,0,0,0,0,0,0
C_+4,C,4,0,1,-1,1,0,0,1,0,0,0,0,0,0,1,0,0,1,0,0,0,0,0,0,1,0,0,1,0,0,0,0,0,0,0,0,0,0,1,0,0,0,0,0,0,1,0,0,1,0,0,0,0,0,0,0,0,0,0,1,0,0,0,0,0,0,1,0,0,1,0,0,0,0,0,0,0,0,0,0,0,0,0,0,1,0,0,0,0,0,0,0,0,0,0,1,0,0,0,0,0,0,1,0,0,1,0,0,0,0,0,0,0,0,0,0,0,0,0,0,1,0,0,0,0,0,0,0,0,0,0,1,0,0,0,0,0,0
Ca_+2,Ca,2,0,1,-1,0,1,-1,0,1,1,1,-1,-1,-1,0,1,-1,0,1,1,1,-1,-1,-1,1,0,0,1,0,0,0,0,0,0,0,0,0,0,1,0,0,0,0,0,0,1,0,0,1,0,0,0,0,0,0,0,0,0,0,1,0,0,0,0,0,0,1,0,0,1,0,0,0,0,0,0,0,0,0,0,0,0,0,0,1,0,0,0,0,0,0,0,0,0,0,1,0,0,0,0,0,0,1,0,0,1,0,0,0,0,0,0,0,0,0,0,0,0,0,0,1,0,0,0,0,0,0,0,0,0,0,1,0,0,0,0,0,0
Cd_+2,Cd,2,0,1,-1,0,1,-1,0,1,1,1,-1,-1,-1,0,1,-1,0,1,1,1,-1,-1,-1,0,1,-1,0,1,1,1,1,1,-1,-1,-1,-1,-1,0,1,1,1,-1,-1,-1,1,0,0,0,1,1,1,1,1,-1,-1,-1,-1,-1,1,0,0,0,0,0,0,1,0,0,1,0,0,0,0,0,0,0,0,0,0,0,0,0,0,1,0,0,0,0,0,0,0,0,0,0,1,0,0,0,0,0,0,1,0,0,1,0,0,0,0,0,0,0,0,0,0,0,0,0,0,1,0,0,0,0,0,0,0,0,0,0,1,0,0,0,0,0,0
Ce_+3,Ce,3,0,1,-1,0,1,-1,0,1,1,1,-1,-1,-1,0,1,-1,0,1,1,1,-1,-1,-1,0,1,-1,0,1,1,1,1,1,-1,-1,-1,-1,-1,0,1,1,1,-1,-1,-1,0,1,-1,0,1,1,1,1,1,-1,-1,-1,-1,-1,0,1,1,1,-1,-1,-1,1,0,0,0,1,0,0,0,0,0,0,0,0,0,0,0,0,0,1,0,0,0,0,0,0,0,0,0,0,1,0,0,0,0,0,0,1,0,0,1,0,0,0,0,0,0,0,0,0,0,0,0,0,0,1,0,0,0,0,0,0,0,0,0,0,1,0,0,0,0,0,0
Ce_+4,Ce,4,0,1,-1,0,1,-1,0,1,1,1,-1,-1,-1,0,1,-1,0,1,1,1,-1,-1,-1,0,1,-1,0,1,1,1,1,1,-1,-1,-1,-1,-1,0,1,1,1,-1,-1,-1,0,1,-1,0,1,1,1,1,1,-1,-1,-1,-1,-1,0,1,1,1,-1,-1,0,1,0,0,0,1,0,0,0,0,0,0,0,0,0,0,0,0,0,1,0,0,0,0,0,0,0,0,0,0,1,0,0,0,0,0,0,1,0,0,1,0,0,0,0,0,0,0,0,0,0,0,0,0,0,1,0,0,0,0,0,0,0,0,0,0,1,0,0,0,0,0,0
Cl_-1,Cl,-1,0,1,-1,0,1,-1,0,1,1,1,-1,-1,-1,0,1,-1,0,1,1,1,-1,-1,-1,1,0,0,1,0,0,0,0,0,0,0,0,0,0,1,0,0,0,0,0,0,1,0,0,1,0,0,0,0,0,0,0,0,0,0,1,0,0,0,0,0,0,1,0,0,1,0,0,0,0,0,0,0,0,0,0,0,0,0,0,1,0,0,0,0,0,0,0,0,0,0,1,0,0,0,0,0,0,1,0,0,1,0,0,0,0,0,0,0,0,0,0,0,0,0,0,1,0,0,0,0,0,0,0,0,0,0,1,0,0,0,0,0,0
Co_+1,Co,1,0,1,-1,0,1,-1,0,1,1,1,-1,-1,-1,0,1,-1,0,1,1,1,-1,-1,-1,0,1,0,0,1,1,1,1,1,-1,-1,0,0,0,1,0,0,0,0,0,0,1,0,0,1,0,0,0,0,0,0,0,0,0,0,1,0,0,0,0,0,0,1,0,0,1,0,0,0,0,0,0,0,0,0,0,0,0,0,0,1,0,0,0,0,0,0,0,0,0,0,1,0,0,0,0,0,0,1,0,0,1,0,0,0,0,0,0,0,0,0,0,0,0,0,0,1,0,0,0,0,0,0,0,0,0,0,1,0,0,0,0,0,0
Co_+2,Co,2,0,1,-1,0,1,-1,0,1,1,1,-1,-1,-1,0,1,-1,0,1,1,1,-1,-1,-1,1,0,0,0,1,1,1,1,1,-1,-1,0,0,0,1,0,0,0,0,0,0,1,0,0,1,0,0,0,0,0,0,0,0,0,0,1,0,0,0,0,0,0,1,0,0,1,0,0,0,0,0,0,0,0,0,0,0,0,0,0,1,0,0,0,0,0,0,0,0,0,0,1,0,0,0,0,0,0,1,0,0,1,0,0,0,0,0,0,0,0,0,0,0,0,0,0,1,0,0,0,0,0,0,0,0,0,0,1,0,0,0,0,0,0
Co_+3,Co,3,0,1,-1,0,1,-1,0,1,1,1,-1,-1,-1,0,1,-1,0,1,1,1,-1,-1,-1,1,0,0,0,1,1,1,1,1,-1,0,0,0,0,1,0,0,0,0,0,0,1,0,0,1,0,0,0,0,0,0,0,0,0,0,1,0,0,0,0,0,0,1,0,0,1,0,0,0,0,0,0,0,0,0,0,0,0,0,0,1,0,0,0,0,0,0,0,0,0,0,1,0,0,0,0,0,0,1,0,0,1,0,0,0,0,0,0,0,0,0,0,0,0,0,0,1,0,0,0,0,0,0,0,0,0,0,1,0,0,0,0,0,0
Co_+4,Co,4,0,1,-1,0,1,-1,0,1,1,1,-1,-1,-1,0,1,-1,0,1,1,1,-1,-1,-1,1,0,0,0,1,1,1,1,1,0,0,0,0,0,1,0,0,0,0,0,0,1,0,0,1,0,0,0,0,0,0,0,0,0,0,1,0,0,0,0,0,0,1,0,0,1,0,0,0,0,0,0,0,0,0,0,0,0,0,0,1,0,0,0,0,0,0,0,0,0,0,1,0,0,0,0,0,0,1,0,0,1,0,0,0,0,0,0,0,0,0,0,0,0,0,0,1,0,0,0,0,0,0,0,0,0,0,1,0,0,0,0,0,0
Cr_+2,Cr,2,0,1,-1,0,1,-1,0,1,1,1,-1,-1,-1,0,1,-1,0,1,1,1,-1,-1,-1,1,0,0,0,1,1,1,1,0,0,0,0,0,0,1,0,0,0,0,0,0,1,0,0,1,0,0,0,0,0,0,0,0,0,0,1,0,0,0,0,0,0,1,0,0,1,0,0,0,0,0,0,0,0,0,0,0,0,0,0,1,0,0,0,0,0,0,0,0,0,0,1,0,0,0,0,0,0,1,0,0,1,0,0,0,0,0,0,0,0,0,0,0,0,0,0,1,0,0,0,0,0,0,0,0,0,0,1,0,0,0,0,0,0
Cr_+3,Cr,3,0,1,-1,0,1,-1,0,1,1,1,-1,-1,-1,0,1,-1,0,1,1,1,-1,-1,-1,1,0,0,0,1,1,1,0,0,0,0,0,0,0,1,0,0,0,0,0,0,1,0,0,1,0,0,0,0,0,0,0,0,0,0,1,0,0,0,0,0,0,1,0,0,1,0,0,0,0,0,0,0,0,0,0,0,0,0,0,1,0,0,0,0,0,0,0,0,0,0,1,0,0,0,0,0,0,1,0,0,1,0,0,0,0,0,0,0,0,0,0,0,0,0,0,1,0,0,0,0,0,0,0,0,0,0,1,0,0,0,0,0,0
Cr_+4,Cr,4,0,1,-1,0,1,-1,0,1,1,1,-1,-1,-1,0,1,-1,0,1,1,1,-1,-1,-1,1,0,0,0,1,1,0,0,0,0,0,0,0,0,1,0,0,0,0,0,0,1,0,0,1,0,0,0,0,0,0,0,0,0,0,1,0,0,0,0,0,0,1,0,0,1,0,0,0,0,0,0,0,0,0,0,0,0,0,0,1,0,0,0,0,0,0,0,0,0,0,1,0,0,0,0,0,0,1,0,0,1,0,0,0,0,0,0,0,0,0,0,0,0,0,0,1,0,0,0,0,0,0,0,0,0,0,1,0,0,0,0,0,0
Cr_+5,Cr,5,0,1,-1,0,1,-1,0,1,1,1,-1,-1,-1,0,1,-1,0,1,1,1,-1,-1,-1,1,0,0,0,1,0,0,0,0,0,0,0,0,0,1,0,0,0,0,0,0,1,0,0,1,0,0,0,0,0,0,0,0,0,0,1,0,0,0,0,0,0,1,0,0,1,0,0,0,0,0,0,0,0,0,0,0,0,0,0,1,0,0,0,0,0,0,0,0,0,0,1,0,0,0,0,0,0,1,0,0,1,0,0,0,0,0,0,0,0,0,0,0,0,0,0,1,0,0,0,0,0,0,0,0,0,0,1,0,0,0,0,0,0
Cr_+6,Cr,6,0,1,-1,0,1,-1,0,1,1,1,-1,-1,-1,0,1,-1,0,1,1,1,-1,-1,-1,1,0,0,1,0,0,0,0,0,0,0,0,0,0,1,0,0,0,0,0,0,1,0,0,1,0,0,0,0,0,0,0,0,0,0,1,0,0,0,0,0,0,1,0,0,1,0,0,0,0,0,0,0,0,0,0,0,0,0,0,1,0,0,0,0,0,0,0,0,0,0,1,0,0,0,0,0,0,1,0,0,1,0,0,0,0,0,0,0,0,0,0,0,0,0,0,1,0,0,0,0,0,0,0,0,0,0,1,0,0,0,0,0,0
Cs_+1,Cs,1,0,1,-1,0,1,-1,0,1,1,1,-1,-1,-1,0,1,-1,0,1,1,1,-1,-1,-1,0,1,-1,0,1,1,1,1,1,-1,-1,-1,-1,-1,0,1,1,1,-1,-1,-1,0,1,-1,0,1,1,1,1,1,-1,-1,-1,-1,-1,0,1,1,1,-1,-1,-1,1,0,0,1,0,0,0,0,0,0,0,0,0,0,0,0,0,0,1,0,0,0,0,0,0,0,0,0,0,1,0,0,0,0,0,0,1,0,0,1,0,0,0,0,0,0,0,0,0,0,0,0,0,0,1,0,0,0,0,0,0,0,0,0,0,1,0,0,0,0,0,0
Cu_+1,Cu,1,0,1,-1,0,1,-1,0,1,1,1,-1,-1,-1,0,1,-1,0,1,1,1,-1,-1,-1,1,0,0,0,1,1,1,1,1,-1,-1,-1,-1,-1,1,0,0,0,0,0,0,1,0,0,1,0,0,0,0,0,0,0,0,0,0,1,0,0,0,0,0,0,1,0,0,1,0,0,0,0,0,0,0,0,0,0,0,0,0,0,1,0,0,0,0,0,0,0,0,0,0,1,0,0,0,0,0,0,1,0,0,1,0,0,0,0,0,0,0,0,0,0,0,0,0,0,1,0,0,0,0,0,0,0,0,0,0,1,0,0,0,0,0,0
Cu_+2,Cu,2,0,1,-1,0,1,-1,0,1,1,1,-1,-1,-1,0,1,-1,0,1,1,1,-1,-1,-1,1,0,0,0,1,1,1,1,1,-1,-1,-1,-1,0,1,0,0,0,0,0,0,1,0,0,1,0,0,0,0,0,0,0,0,0,0,1,0,0,0,0,0,0,1,0,0,1,0,0,0,0,0,0,0,0,0,0,0,0,0,0,1,0,0,0,0,0,0,0,0,0,0,1,0,0,0,0,0,0,1,0,0,1,0,0,0,0,0,0,0,0,0,0,0,0,0,0,1,0,0,0,0,0,0,0,0,0,0,1,0,0,0,0,0,0
Cu_+3,Cu,3,0,1,-1,0,1,-1,0,1,1,1,-1,-1,-1,0,1,-1,0,1,1,1,-1,-1,-1,1,0,0,0,1,1,1,1,1,-1,-1,-1,0,0,1,0,0,0,0,0,0,1,0,0,1,0,0,0,0,0,0,0,0,0,0,1,0,0,0,0,0,0,1,0,0,1,0,0,0,0,0,0,0,0,0,0,0,0,0,0,1,0,0,0,0,0,0,0,0,0,0,1,0,0,0,0,0,0,1,0,0,1,0,0,0,0,0,0,0,0,0,0,0,0,0,0,1,0,0,0,0,0,0,0,0,0,0,1,0,0,0,0,0,0
Dy_+3,Dy,3,0,1,-1,0,1,-1,0,1,1,1,-1,-1,-1,0,1,-1,0,1,1,1,-1,-1,-1,0,1,-1,0,1,1,1,1,1,-1,-1,-1,-1,-1,0,1,1,1,-1,-1,-1,0,1,-1,0,1,1,1,1,1,-1,-1,-1,-1,-1,0,1,1,1,-1,-1,0,1,0,0,0,1,1,1,1,1,1,1,-1,-1,-1,0,0,0,0,1,0,0,0,0,0,0,0,0,0,0,1,0,0,0,0,0,0,1,0,0,1,0,0,0,0,0,0,0,0,0,0,0,0,0,0,1,0,0,0,0,0,0,0,0,0,0,1,0,0,0,0,0,0
Er_+3,Er,3,0,1,-1,0,1,-1,0,1,1,1,-1,-1,-1,0,1,-1,0,1,1,1,-1,-1,-1,0,1,-1,0,1,1,1,1,1,-1,-1,-1,-1,-1,0,1,1,1,-1,-1,-1,0,1,-1,0,1,1,1,1,1,-1,-1,-1,-1,-1,0,1,1,1,-1,-1,0,1,0,0,0,1,1,1,1,1,1,1,-1,-1,-1,-1,-1,0,0,1,0,0,0,0,0,0,0,0,0,0,1,0,0,0,0,0,0,1,0,0,1,0,0,0,0,0,0,0,0,0,0,0,0,0,0,1,0,0,0,0,0,0,0,0,0,0,1,0,0,0,0,0,0
Eu_+2,Eu,2,0,1,-1,0,1,-1,0,1,1,1,-1,-1,-1,0,1,-1,0,1,1,1,-1,-1,-1,0,1,-1,0,1,1,1,1,1,-1,-1,-1,-1,-1,0,1,1,1,-1,-1,-1,0,1,-1,0,1,1,1,1,1,-1,-1,-1,-1,-1,0,1,1,1,-1,-1,-1,1,0,0,0,1,1,1,1,1,1,1,0,0,0,0,0,0,0,1,0,0,0,0,0,0,0,0,0,0,1,0,0,0,0,0,0,1,0,0,1,0,0,0,0,0,0,0,0,0,0,0,0,0,0,1,0,0,0,0,0,0,0,0,0,0,1,0,0,0,0,0,0
Eu_+3,Eu,3,0,1,-1,0,1,-1,0,1,1,1,-1,-1,-1,0,1,-1,0,1,1,1,-1,-1,-1,0,1,-1,0,1,1,1,1,1,-1,-1,-1,-1,-1,0,1,1,1,-1,-1,-1,0,1,-1,0,1,1,1,1,1,-1,-1,-1,-1,-1,0,1,1,1,-1,-1,0,1,0,0,0,1,1,1,1,1,1,1,0,0,0,0,0,0,0,1,0,0,0,0,0,0,0,0,0,0,1,0,0,0,0,0,0,1,0,0,1,0,0,0,0,0,0,0,0,0,0,0,0,0,0,1,0,0,0,0,0,0,0,0,0,0,1,0,0,0,0,0,0
F_-1,F,-1,0,1,-1,0,1,-1,0,1,1,1,-1,-1,-1,1,0,0,1,0,0,0,0,0,0,1,0,0,1,0,0,0,0,0,0,0,0,0,0,1,0,0,0,0,0,0,1,0,0,1,0,0,0,0,0,0,0,0,0,0,1,0,0,0,0,0,0,1,0,0,1,0,0,0,0,0,0,0,0,0,0,0,0,0,0,1,0,0,0,0,0,0,0,0,0,0,1,0,0,0,0,0,0,1,0,0,1,0,0,0,0,0,0,0,0,0,0,0,0,0,0,1,0,0,0,0,0,0,0,0,0,0,1,0,0,0,0,0,0
Fe_+2,Fe,2,0,1,-1,0,1,-1,0,1,1,1,-1,-1,-1,0,1,-1,0,1,1,1,-1,-1,-1,1,0,0,0,1,1,1,1,1,-1,0,0,0,0,1,0,0,0,0,0,0,1,0,0,1,0,0,0,0,0,0,0,0,0,0,1,0,0,0,0,0,0,1,0,0,1,0,0,0,0,0,0,0,0,0,0,0,0,0,0,1,0,0,0,0,0,0,0,0,0,0,1,0,0,0,0,0,0,1,0,0,1,0,0,0,0,0,0,0,0,0,0,0,0,0,0,1,0,0,0,0,0,0,0,0,0,0,1,0,0,0,0,0,0
Fe_+3,Fe,3,0,1,-1,0,1,-1,0,1,1,1,-1,-1,-1,0,1,-1,0,1,1,1,-1,-1,-1,1,0,0,0,1,1,1,1,1,0,0,0,0,0,1,0,0,0,0,0,0,1,0,0,1,0,0,0,0,0,0,0,0,0,0,1,0,0,0,0,0,0,1,0,0,1,0,0,0,0,0,0,0,0,0,0,0,0,0,0,1,0,0,0,0,0,0,0,0,0,0,1,0,0,0,0,0,0,1,0,0,1,0,0,0,0,0,0,0,0,0,0,0,0,0,0,1,0,0,0,0,0,0,0,0,0,0,1,0,0,0,0,0,0
Ga_+2,Ga,2,0,1,-1,0,1,-1,0,1,1,1,-1,-1,-1,0,1,-1,0,1,1,1,-1,-1,-1,0,1,0,0,1,1,1,1,1,-1,-1,-1,-1,-1,1,0,0,0,0,0,0,1,0,0,1,0,0,0,0,0,0,0,0,0,0,1,0,0,0,0,0,0,1,0,0,1,0,0,0,0,0,0,0,0,0,0,0,0,0,0,1,0,0,0,0,0,0,0,0,0,0,1,0,0,0,0,0,0,1,0,0,1,0,0,0,0,0,0,0,0,0,0,0,0,0,0,1,0,0,0,0,0,0,0,0,0,0,1,0,0,0,0,0,0
Ga_+3,Ga,3,0,1,-1,0,1,-1,0,1,1,1,-1,-1,-1,0,1,-1,0,1,1,1,-1,-1,-1,1,0,0,0,1,1,1,1,1,-1,-1,-1,-1,-1,1,0,0,0,0,0,0,1,0,0,1,0,0,0,0,0,0,0,0,0,0,1,0,0,0,0,0,0,1,0,0,1,0,0,0,0,0,0,0,0,0,0,0,0,0,0,1,0,0,0,0,0,0,0,0,0,0,1,0,0,0,0,0,0,1,0,0,1,0,0,0,0,0,0,0,0,0,0,0,0,0,0,1,0,0,0,0,0,0,0,0,0,0,1,0,0,0,0,0,0
Gd_+3,Gd,3,0,1,-1,0,1,-1,0,1,1,1,-1,-1,-1,0,1,-1,0,1,1,1,-1,-1,-1,0,1,-1,0,1,1,1,1,1,-1,-1,-1,-1,-1,0,1,1,1,-1,-1,-1,0,1,-1,0,1,1,1,1,1,-1,-1,-1,-1,-1,0,1,1,1,-1,-1,-1,1,0,0,0,1,1,1,1,1,1,1,0,0,0,0,0,0,0,1,0,0,0,0,0,0,0,0,0,0,1,0,0,0,0,0,0,1,0,0,1,0,0,0,0,0,0,0,0,0,0,0,0,0,0,1,0,0,0,0,0,0,0,0,0,0,1,0,0,0,0,0,0
Ge_+2,Ge,2,0,1,-1,0,1,-1,0,1,1,1,-1,-1,-1,0,1,-1,0,1,1,1,-1,-1,-1,0,1,-1,0,1,1,1,1,1,-1,-1,-1,-1,-1,1,0,0,0,0,0,0,1,0,0,1,0,0,0,0,0,0,0,0,0,0,1,0,0,0,0,0,0,1,0,0,1,0,0,0,0,0,0,0,0,0,0,0,0,0,0,1,0,0,0,0,0,0,0,0,0,0,1,0,0,0,0,0,0,1,0,0,1,0,0,0,0,0,0,0,0,0,0,0,0,0,0,1,0,0,0,0,0,0,0,0,0,0,1,0,0,0,0,0,0
Ge_+3,Ge,3,0,1,-1,0,1,-1,0,1,1,1,-1,-1,-1,0,1,-1,0,1,1,1,-1,-1,-1,0,1,0,0,1,1,1,1,1,-1,-1,-1,-1,-1,1,0,0,0,0,0,0,1,0,0,1,0,0,0,0,0,0,0,0,0,0,1,0,0,0,0,0,0,1,0,0,1,0,0,0,0,0,0,0,0,0,0,0,0,0,0,1,0,0,0,0,0,0,0,0,0,0,1,0,0,0,0,0,0,1,0,0,1,0,0,0,0,0,0,0,0,0,0,0,0,0,0,1,0,0,0,0,0,0,0,0,0,0,1,0,0,0,0,0,0
Ge_+4,Ge,4,0,1,-1,0,1,-1,0,1,1,1,-1,-1,-1,0,1,-1,0,1,1,1,-1,-1,-1,1,0,0,0,1,1,1,1,1,-1,-1,-1,-1,-1,1,0,0,0,0,0,0,1,0,0,1,0,0,0,0,0,0,0,0,0,0,1,0,0,0,0,0,0,1,0,0,1,0,0,0,0,0,0,0,0,0,0,0,0,0,0,1,0,0,0,0,0,0,0,0,0,0,1,0,0,0,0,0,0,1,0,0,1,0,0,0,0,0,0,0,0,0,0,0,0,0,0,1,0,0,0,0,0,0,0,0,0,0,1,0,0,0,0,0,0
H_-1,H,-1,0,1,-1,1,0,0,1,0,0,0,0,0,0,1,0,0,1,0,0,0,0,0,0,1,0,0,1,0,0,0,0,0,0,0,0,0,0,1,0,0,0,0,0,0,1,0,0,1,0,0,0,0,0,0,0,0,0,0,1,0,0,0,0,0,0,1,0,0,1,0,0,0,0,0,0,0,0,0,0,0,0,0,0,1,0,0,0,0,0,0,0,0,0,0,1,0,0,0,0,0,0,1,0,0,1,0,0,0,0,0,0,0,0,0,0,0,0,0,0,1,0,0,0,0,0,0,0,0,0,0,1,0,0,0,0,0,0
H_+0,H,0,0,1,0,1,0,0,1,0,0,0,0,0,0,1,0,0,1,0,0,0,0,0,0,1,0,0,1,0,0,0,0,0,0,0,0,0,0,1,0,0,0,0,0,0,1,0,0,1,0,0,0,0,0,0,0,0,0,0,1,0,0,0,0,0,0,1,0,0,1,0,0,0,0,0,0,0,0,0,0,0,0,0,0,1,0,0,0,0,0,0,0,0,0,0,1,0,0,0,0,0,0,0,0,0,1,0,0,0,0,0,0,0,0,0,0,0,0,0,0,1,0,0,0,0,0,0,0,0,0,0,1,0,0,0,0,0,0
H_+1,H,1,1,0,0,1,0,0,1,0,0,0,0,0,0,1,0,0,1,0,0,0,0,0,0,1,0,0,1,0,0,0,0,0,0,0,0,0,0,1,0,0,0,0,0,0,1,0,0,1,0,0,0,0,0,0,0,0,0,0,1,0,0,0,0,0,0,1,0,0,1,0,0,0,0,0,0,0,0,0,0,0,0,0,0,1,0,0,0,0,0,0,0,0,0,0,1,0,0,0,0,0,0,1,0,0,1,0,0,0,0,0,0,0,0,0,0,0,0,0,0,1,0,0,0,0,0,0,0,0,0,0,1,0,0,0,0,0,0
Hf_+4,Hf,4,0,1,-1,0,1,-1,0,1,1,1,-1,-1,-1,0,1,-1,0,1,1,1,-1,-1,-1,0,1,-1,0,1,1,1,1,1,-1,-1,-1,-1,-1,0,1,1,1,-1,-1,-1,0,1,-1,0,1,1,1,1,1,-1,-1,-1,-1,-1,0,1,1,1,-1,-1,-1,1,0,0,0,1,1,1,1,1,1,1,-1,-1,-1,-1,-1,-1,-1,1,0,0,0,0,0,0,0,0,0,0,1,0,0,0,0,0,0,1,0,0,1,0,0,0,0,0,0,0,0,0,0,0,0,0,0,1,0,0,0,0,0,0,0,0,0,0,1,0,0,0,0,0,0
Hg_+1,Hg,1,0,1,-1,0,1,-1,0,1,1,1,-1,-1,-1,0,1,-1,0,1,1,1,-1,-1,-1,0,1,-1,0,1,1,1,1,1,-1,-1,-1,-1,-1,0,1,1,1,-1,-1,-1,0,1,-1,0,1,1,1,1,1,-1,-1,-1,-1,-1,0,1,1,1,-1,-1,-1,0,1,0,0,1,1,1,1,1,1,1,-1,-1,-1,-1,-1,-1,-1,0,1,1,1,1,1,-1,-1,-1,-1,-1,1,0,0,0,0,0,0,1,0,0,1,0,0,0,0,0,0,0,0,0,0,0,0,0,0,1,0,0,0,0,0,0,0,0,0,0,1,0,0,0,0,0,0
Hg_+2,Hg,2,0,1,-1,0,1,-1,0,1,1,1,-1,-1,-1,0,1,-1,0,1,1,1,-1,-1,-1,0,1,-1,0,1,1,1,1,1,-1,-1,-1,-1,-1,0,1,1,1,-1,-1,-1,0,1,-1,0,1,1,1,1,1,-1,-1,-1,-1,-1,0,1,1,1,-1,-1,-1,1,0,0,0,1,1,1,1,1,1,1,-1,-1,-1,-1,-1,-1,-1,0,1,1,1,1,1,-1,-1,-1,-1,-1,1,0,0,0,0,0,0,1,0,0,1,0,0,0,0,0,0,0,0,0,0,0,0,0,0,1,0,0,0,0,0,0,0,0,0,0,1,0,0,0,0,0,0
Ho_+3,Ho,3,0,1,-1,0,1,-1,0,1,1,1,-1,-1,-1,0,1,-1,0,1,1,1,-1,-1,-1,0,1,-1,0,1,1,1,1,1,-1,-1,-1,-1,-1,0,1,1,1,-1,-1,-1,0,1,-1,0,1,1,1,1,1,-1,-1,-1,-1,-1,0,1,1,1,-1,-1,0,1,0,0,0,1,1,1,1,1,1,1,-1,-1,-1,-1,0,0,0,1,0,0,0,0,0,0,0,0,0,0,1,0,0,0,0,0,0,1,0,0,1,0,0,0,0,0,0,0,0,0,0,0,0,0,0,1,0,0,0,0,0,0,0,0,0,0,1,0,0,0,0,0,0
I_-1,I,-1,0,1,-1,0,1,-1,0,1,1,1,-1,-1,-1,0,1,-1,0,1,1,1,-1,-1,-1,0,1,-1,0,1,1,1,1,1,-1,-1,-1,-1,-1,0,1,1,1,-1,-1,-1,0,1,-1,0,1,1,1,1,1,-1,-1,-1,-1,-1,0,1,1,1,-1,-1,-1,1,0,0,1,0,0,0,0,0,0,0,0,0,0,0,0,0,0,1,0,0,0,0,0,0,0,0,0,0,1,0,0,0,0,0,0,1,0,0,1,0,0,0,0,0,0,0,0,0,0,0,0,0,0,1,0,0,0,0,0,0,0,0,0,0,1,0,0,0,0,0,0
I_+0,I,0,0,1,-1,0,1,-1,0,1,1,1,-1,-1,-1,0,1,-1,0,1,1,1,-1,-1,-1,0,1,-1,0,1,1,1,1,1,-1,-1,-1,-1,-1,0,1,1,1,-1,-1,-1,0,1,-1,0,1,1,1,1,1,-1,-1,-1,-1,-1,0,1,1,1,-1,-1,0,1,0,0,1,0,0,0,0,0,0,0,0,0,0,0,0,0,0,1,0,0,0,0,0,0,0,0,0,0,1,0,0,0,0,0,0,1,0,0,1,0,0,0,0,0,0,0,0,0,0,0,0,0,0,1,0,0,0,0,0,0,0,0,0,0,1,0,0,0,0,0,0
I_+1,I,1,0,1,-1,0,1,-1,0,1,1,1,-1,-1,-1,0,1,-1,0,1,1,1,-1,-1,-1,0,1,-1,0,1,1,1,1,1,-1,-1,-1,-1,-1,0,1,1,1,-1,-1,-1,0,1,-1,0,1,1,1,1,1,-1,-1,-1,-1,-1,0,1,1,1,-1,0,0,1,0,0,1,0,0,0,0,0,0,0,0,0,0,0,0,0,0,1,0,0,0,0,0,0,0,0,0,0,1,0,0,0,0,0,0,1,0,0,1,0,0,0,0,0,0,0,0,0,0,0,0,0,0,1,0,0,0,0,0,0,0,0,0,0,1,0,0,0,0,0,0
I_+2,I,2,0,1,-1,0,1,-1,0,1,1,1,-1,-1,-1,0,1,-1,0,1,1,1,-1,-1,-1,0,1,-1,0,1,1,1,1,1,-1,-1,-1,-1,-1,0,1,1,1,-1,-1,-1,0,1,-1,0,1,1,1,1,1,-1,-1,-1,-1,-1,0,1,1,1,0,0,0,1,0,0,1,0,0,0,0,0,0,0,0,0,0,0,0,0,0,1,0,0,0,0,0,0,0,0,0,0,1,0,0,0,0,0,0,1,0,0,1,0,0,0,0,0,0,0,0,0,0,0,0,0,0,1,0,0,0,0,0,0,0,0,0,0,1,0,0,0,0,0,0
I_+3,I,3,0,1,-1,0,1,-1,0,1,1,1,-1,-1,-1,0,1,-1,0,1,1,1,-1,-1,-1,0,1,-1,0,1,1,1,1,1,-1,-1,-1,-1,-1,0,1,1,1,-1,-1,-1,0,1,-1,0,1,1,1,1,1,-1,-1,-1,-1,-1,0,1,1,0,0,0,0,1,0,0,1,0,0,0,0,0,0,0,0,0,0,0,0,0,0,1,0,0,0,0,0,0,0,0,0,0,1,0,0,0,0,0,0,1,0,0,1,0,0,0,0,0,0,0,0,0,0,0,0,0,0,1,0,0,0,0,0,0,0,0,0,0,1,0,0,0,0,0,0
I_+5,I,5,0,1,-1,0,1,-1,0,1,1,1,-1,-1,-1,0,1,-1,0,1,1,1,-1,-1,-1,0,1,-1,0,1,1,1,1,1,-1,-1,-1,-1,-1,0,1,1,1,-1,-1,-1,0,1,-1,0,1,1,1,1,1,-1,-1,-1,-1,-1,1,0,0,0,0,0,0,1,0,0,1,0,0,0,0,0,0,0,0,0,0,0,0,0,0,1,0,0,0,0,0,0,0,0,0,0,1,0,0,0,0,0,0,1,0,0,1,0,0,0,0,0,0,0,0,0,0,0,0,0,0,1,0,0,0,0,0,0,0,0,0,0,1,0,0,0,0,0,0
In_+1,In,1,0,1,-1,0,1,-1,0,1,1,1,-1,-1,-1,0,1,-1,0,1,1,1,-1,-1,-1,0,1,-1,0,1,1,1,1,1,-1,-1,-1,-1,-1,0,1,1,1,-1,-1,-1,0,1,-1,0,1,1,1,1,1,-1,-1,-1,-1,-1,1,0,0,0,0,0,0,1,0,0,1,0,0,0,0,0,0,0,0,0,0,0,0,0,0,1,0,0,0,0,0,0,0,0,0,0,1,0,0,0,0,0,0,1,0,0,1,0,0,0,0,0,0,0,0,0,0,0,0,0,0,1,0,0,0,0,0,0,0,0,0,0,1,0,0,0,0,0,0
In_+2,In,2,0,1,-1,0,1,-1,0,1,1,1,-1,-1,-1,0,1,-1,0,1,1,1,-1,-1,-1,0,1,-1,0,1,1,1,1,1,-1,-1,-1,-1,-1,0,1,1,1,-1,-1,-1,0,1,0,0,1,1,1,1,1,-1,-1,-1,-1,-1,1,0,0,0,0,0,0,1,0,0,1,0,0,0,0,0,0,0,0,0,0,0,0,0,0,1,0,0,0,0,0,0,0,0,0,0,1,0,0,0,0,0,0,1,0,0,1,0,0,0,0,0,0,0,0,0,0,0,0,0,0,1,0,0,0,0,0,0,0,0,0,0,1,0,0,0,0,0,0
In_+3,In,3,0,1,-1,0,1,-1,0,1,1,1,-1,-1,-1,0,1,-1,0,1,1,1,-1,-1,-1,0,1,-1,0,1,1,1,1,1,-1,-1,-1,-1,-1,0,1,1,1,-1,-1,-1,1,0,0,0,1,1,1,1,1,-1,-1,-1,-1,-1,1,0,0,0,0,0,0,1,0,0,1,0,0,0,0,0,0,0,0,0,0,0,0,0,0,1,0,0,0,0,0,0,0,0,0,0,1,0,0,0,0,0,0,1,0,0,1,0,0,0,0,0,0,0,0,0,0,0,0,0,0,1,0,0,0,0,0,0,0,0,0,0,1,0,0,0,0,0,0
Ir_+3,Ir,3,0,1,-1,0,1,-1,0,1,1,1,-1,-1,-1,0,1,-1,0,1,1,1,-1,-1,-1,0,1,-1,0,1,1,1,1,1,-1,-1,-1,-1,-1,0,1,1,1,-1,-1,-1,0,1,-1,0,1,1,1,1,1,-1,-1,-1,-1,-1,0,1,1,1,-1,-1,-1,1,0,0,0,1,1,1,1,1,1,1,-1,-1,-1,-1,-1,-1,-1,0,1,1,1,1,1,-1,0,0,0,0,1,0,0,0,0,0,0,1,0,0,1,0,0,0,0,0,0,0,0,0,0,0,0,0,0,1,0,0,0,0,0,0,0,0,0,0,1,0,0,0,0,0,0
Ir_+4,Ir,4,0,1,-1,0,1,-1,0,1,1,1,-1,-1,-1,0,1,-1,0,1,1,1,-1,-1,-1,0,1,-1,0,1,1,1,1,1,-1,-1,-1,-1,-1,0,1,1,1,-1,-1,-1,0,1,-1,0,1,1,1,1,1,-1,-1,-1,-1,-1,0,1,1,1,-1,-1,-1,1,0,0,0,1,1,1,1,1,1,1,-1,-1,-1,-1,-1,-1,-1,0,1,1,1,1,1,0,0,0,0,0,1,0,0,0,0,0,0,1,0,0,1,0,0,0,0,0,0,0,0,0,0,0,0,0,0,1,0,0,0,0,0,0,0,0,0,0,1,0,0,0,0,0,0
Ir_+5,Ir,5,0,1,-1,0,1,-1,0,1,1,1,-1,-1,-1,0,1,-1,0,1,1,1,-1,-1,-1,0,1,-1,0,1,1,1,1,1,-1,-1,-1,-1,-1,0,1,1,1,-1,-1,-1,0,1,-1,0,1,1,1,1,1,-1,-1,-1,-1,-1,0,1,1,1,-1,-1,-1,1,0,0,0,1,1,1,1,1,1,1,-1,-1,-1,-1,-1,-1,-1,0,1,1,1,1,0,0,0,0,0,0,1,0,0,0,0,0,0,1,0,0,1,0,0,0,0,0,0,0,0,0,0,0,0,0,0,1,0,0,0,0,0,0,0,0,0,0,1,0,0,0,0,0,0
K_+1,K,1,0,1,-1,0,1,-1,0,1,1,1,-1,-1,-1,0,1,-1,0,1,1,1,-1,-1,-1,1,0,0,1,0,0,0,0,0,0,0,0,0,0,1,0,0,0,0,0,0,1,0,0,1,0,0,0,0,0,0,0,0,0,0,1,0,0,0,0,0,0,1,0,0,1,0,0,0,0,0,0,0,0,0,0,0,0,0,0,1,0,0,0,0,0,0,0,0,0,0,1,0,0,0,0,0,0,1,0,0,1,0,0,0,0,0,0,0,0,0,0,0,0,0,0,1,0,0,0,0,0,0,0,0,0,0,1,0,0,0,0,0,0
La_+2,La,2,0,1,-1,0,1,-1,0,1,1,1,-1,-1,-1,0,1,-1,0,1,1,1,-1,-1,-1,0,1,-1,0,1,1,1,1,1,-1,-1,-1,-1,-1,0,1,1,1,-1,-1,-1,0,1,-1,0,1,1,1,1,1,-1,-1,-1,-1,-1,0,1,1,1,-1,-1,-1,1,0,0,1,0,0,0,0,0,0,0,0,0,0,0,0,0,0,0,1,0,0,0,0,0,0,0,0,0,1,0,0,0,0,0,0,1,0,0,1,0,0,0,0,0,0,0,0,0,0,0,0,0,0,1,0,0,0,0,0,0,0,0,0,0,1,0,0,0,0,0,0
La_+3,La,3,0,1,-1,0,1,-1,0,1,1,1,-1,-1,-1,0,1,-1,0,1,1,1,-1,-1,-1,0,1,-1,0,1,1,1,1,1,-1,-1,-1,-1,-1,0,1,1,1,-1,-1,-1,0,1,-1,0,1,1,1,1,1,-1,-1,-1,-1,-1,0,1,1,1,-1,-1,-1,1,0,0,1,0,0,0,0,0,0,0,0,0,0,0,0,0,0,1,0,0,0,0,0,0,0,0,0,0,1,0,0,0,0,0,0,1,0,0,1,0,0,0,0,0,0,0,0,0,0,0,0,0,0,1,0,0,0,0,0,0,0,0,0,0,1,0,0,0,0,0,0
Li_+1,Li,1,0,1,-1,1,0,0,1,0,0,0,0,0,0,1,0,0,1,0,0,0,0,0,0,1,0,0,1,0,0,0,0,0,0,0,0,0,0,1,0,0,0,0,0,0,1,0,0,1,0,0,0,0,0,0,0,0,0,0,1,0,0,0,0,0,0,1,0,0,1,0,0,0,0,0,0,0,0,0,0,0,0,0,0,1,0,0,0,0,0,0,0,0,0,0,1,0,0,0,0,0,0,1,0,0,1,0,0,0,0,0,0,0,0,0,0,0,0,0,0,1,0,0,0,0,0,0,0,0,0,0,1,0,0,0,0,0,0
Lu_+3,Lu,3,0,1,-1,0,1,-1,0,1,1,1,-1,-1,-1,0,1,-1,0,1,1,1,-1,-1,-1,0,1,-1,0,1,1,1,1,1,-1,-1,-1,-1,-1,0,1,1,1,-1,-1,-1,0,1,-1,0,1,1,1,1,1,-1,-1,-1,-1,-1,0,1,1,1,-1,-1,-1,1,0,0,0,1,1,1,1,1,1,1,-1,-1,-1,-1,-1,-1,-1,1,0,0,0,0,0,0,0,0,0,0,1,0,0,0,0,0,0,1,0,0,1,0,0,0,0,0,0,0,0,0,0,0,0,0,0,1,0,0,0,0,0,0,0,0,0,0,1,0,0,0,0,0,0
Mg_+2,Mg,2,0,1,-1,0,1,-1,0,1,1,1,-1,-1,-1,1,0,0,1,0,0,0,0,0,0,1,0,0,1,0,0,0,0,0,0,0,0,0,0,1,0,0,0,0,0,0,1,0,0,1,0,0,0,0,0,0,0,0,0,0,1,0,0,0,0,0,0,1,0,0,1,0,0,0,0,0,0,0,0,0,0,0,0,0,0,1,0,0,0,0,0,0,0,0,0,0,1,0,0,0,0,0,0,1,0,0,1,0,0,0,0,0,0,0,0,0,0,0,0,0,0,1,0,0,0,0,0,0,0,0,0,0,1,0,0,0,0,0,0
Mn_+2,Mn,2,0,1,-1,0,1,-1,0,1,1,1,-1,-1,-1,0,1,-1,0,1,1,1,-1,-1,-1,1,0,0,0,1,1,1,1,1,0,0,0,0,0,1,0,0,0,0,0,0,1,0,0,1,0,0,0,0,0,0,0,0,0,0,1,0,0,0,0,0,0,1,0,0,1,0,0,0,0,0,0,0,0,0,0,0,0,0,0,1,0,0,0,0,0,0,0,0,0,0,1,0,0,0,0,0,0,1,0,0,1,0,0,0,0,0,0,0,0,0,0,0,0,0,0,1,0,0,0,0,0,0,0,0,0,0,1,0,0,0,0,0,0
Mn_+3,Mn,3,0,1,-1,0,1,-1,0,1,1,1,-1,-1,-1,0,1,-1,0,1,1,1,-1,-1,-1,1,0,0,0,1,1,1,1,0,0,0,0,0,0,1,0,0,0,0,0,0,1,0,0,1,0,0,0,0,0,0,0,0,0,0,1,0,0,0,0,0,0,1,0,0,1,0,0,0,0,0,0,0,0,0,0,0,0,0,0,1,0,0,0,0,0,0,0,0,0,0,1,0,0,0,0,0,0,1,0,0,1,0,0,0,0,0,0,0,0,0,0,0,0,0,0,1,0,0,0,0,0,0,0,0,0,0,1,0,0,0,0,0,0
Mn_+4,Mn,4,0,1,-1,0,1,-1,0,1,1,1,-1,-1,-1,0,1,-1,0,1,1,1,-1,-1,-1,1,0,0,0,1,1,1,0,0,0,0,0,0,0,1,0,0,0,0,0,0,1,0,0,1,0,0,0,0,0,0,0,0,0,0,1,0,0,0,0,0,0,1,0,0,1,0,0,0,0,0,0,0,0,0,0,0,0,0,0,1,0,0,0,0,0,0,0,0,0,0,1,0,0,0,0,0,0,1,0,0,1,0,0,0,0,0,0,0,0,0,0,0,0,0,0,1,0,0,0,0,0,0,0,0,0,0,1,0,0,0,0,0,0
Mn_+5,Mn,5,0,1,-1,0,1,-1,0,1,1,1,-1,-1,-1,0,1,-1,0,1,1,1,-1,-1,-1,1,0,0,0,1,1,0,0,0,0,0,0,0,0,1,0,0,0,0,0,0,1,0,0,1,0,0,0,0,0,0,0,0,0,0,1,0,0,0,0,0,0,1,0,0,1,0,0,0,0,0,0,0,0,0,0,0,0,0,0,1,0,0,0,0,0,0,0,0,0,0,1,0,0,0,0,0,0,1,0,0,1,0,0,0,0,0,0,0,0,0,0,0,0,0,0,1,0,0,0,0,0,0,0,0,0,0,1,0,0,0,0,0,0
Mn_+6,Mn,6,0,1,-1,0,1,-1,0,1,1,1,-1,-1,-1,0,1,-1,0,1,1,1,-1,-1,-1,1,0,0,0,1,0,0,0,0,0,0,0,0,0,1,0,0,0,0,0,0,1,0,0,1,0,0,0,0,0,0,0,0,0,0,1,0,0,0,0,0,0,1,0,0,1,0,0,0,0,0,0,0,0,0,0,0,0,0,0,1,0,0,0,0,0,0,0,0,0,0,1,0,0,0,0,0,0,1,0,0,1,0,0,0,0,0,0,0,0,0,0,0,0,0,0,1,0,0,0,0,0,0,0,0,0,0,1,0,0,0,0,0,0
Mn_+7,Mn,7,0,1,-1,0,1,-1,0,1,1,1,-1,-1,-1,0,1,-1,0,1,1,1,-1,-1,-1,1,0,0,1,0,0,0,0,0,0,0,0,0,0,1,0,0,0,0,0,0,1,0,0,1,0,0,0,0,0,0,0,0,0,0,1,0,0,0,0,0,0,1,0,0,1,0,0,0,0,0,0,0,0,0,0,0,0,0,0,1,0,0,0,0,0,0,0,0,0,0,1,0,0,0,0,0,0,1,0,0,1,0,0,0,0,0,0,0,0,0,0,0,0,0,0,1,0,0,0,0,0,0,0,0,0,0,1,0,0,0,0,0,0
Mo_+2,Mo,2,0,1,-1,0,1,-1,0,1,1,1,-1,-1,-1,0,1,-1,0,1,1,1,-1,-1,-1,0,1,-1,0,1,1,1,1,1,-1,-1,-1,-1,-1,0,1,1,1,-1,-1,-1,1,0,0,0,1,1,1,1,0,0,0,0,0,0,1,0,0,0,0,0,0,1,0,0,1,0,0,0,0,0,0,0,0,0,0,0,0,0,0,1,0,0,0,0,0,0,0,0,0,0,1,0,0,0,0,0,0,1,0,0,1,0,0,0,0,0,0,0,0,0,0,0,0,0,0,1,0,0,0,0,0,0,0,0,0,0,1,0,0,0,0,0,0
Mo_+3,Mo,3,0,1,-1,0,1,-1,0,1,1,1,-1,-1,-1,0,1,-1,0,1,1,1,-1,-1,-1,0,1,-1,0,1,1,1,1,1,-1,-1,-1,-1,-1,0,1,1,1,-1,-1,-1,1,0,0,0,1,1,1,0,0,0,0,0,0,0,1,0,0,0,0,0,0,1,0,0,1,0,0,0,0,0,0,0,0,0,0,0,0,0,0,1,0,0,0,0,0,0,0,0,0,0,1,0,0,0,0,0,0,1,0,0,1,0,0,0,0,0,0,0,0,0,0,0,0,0,0,1,0,0,0,0,0,0,0,0,0,0,1,0,0,0,0,0,0
Mo_+4,Mo,4,0,1,-1,0,1,-1,0,1,1,1,-1,-1,-1,0,1,-1,0,1,1,1,-1,-1,-1,0,1,-1,0,1,1,1,1,1,-1,-1,-1,-1,-1,0,1,1,1,-1,-1,-1,1,0,0,0,1,1,0,0,0,0,0,0,0,0,1,0,0,0,0,0,0,1,0,0,1,0,0,0,0,0,0,0,0,0,0,0,0,0,0,1,0,0,0,0,0,0,0,0,0,0,1,0,0,0,0,0,0,1,0,0,1,0,0,0,0,0,0,0,0,0,0,0,0,0,0,1,0,0,0,0,0,0,0,0,0,0,1,0,0,0,0,0,0
Mo_+5,Mo,5,0,1,-1,0,1,-1,0,1,1,1,-1,-1,-1,0,1,-1,0,1,1,1,-1,-1,-1,0,1,-1,0,1,1,1,1,1,-1,-1,-1,-1,-1,0,1,1,1,-1,-1,-1,1,0,0,0,1,0,0,0,0,0,0,0,0,0,1,0,0,0,0,0,0,1,0,0,1,0,0,0,0,0,0,0,0,0,0,0,0,0,0,1,0,0,0,0,0,0,0,0,0,0,1,0,0,0,0,0,0,1,0,0,1,0,0,0,0,0,0,0,0,0,0,0,0,0,0,1,0,0,0,0,0,0,0,0,0,0,1,0,0,0,0,0,0
Mo_+6,Mo,6,0,1,-1,0,1,-1,0,1,1,1,-1,-1,-1,0,1,-1,0,1,1,1,-1,-1,-1,0,1,-1,0,1,1,1,1,1,-1,-1,-1,-1,-1,0,1,1,1,-1,-1,-1,1,0,0,1,0,0,0,0,0,0,0,0,0,0,1,0,0,0,0,0,0,1,0,0,1,0,0,0,0,0,0,0,0,0,0,0,0,0,0,1,0,0,0,0,0,0,0,0,0,0,1,0,0,0,0,0,0,1,0,0,1,0,0,0,0,0,0,0,0,0,0,0,0,0,0,1,0,0,0,0,0,0,0,0,0,0,1,0,0,0,0,0,0
N_-3,N,-3,0,1,-1,0,1,-1,0,1,1,1,-1,-1,-1,1,0,0,1,0,0,0,0,0,0,1,0,0,1,0,0,0,0,0,0,0,0,0,0,1,0,0,0,0,0,0,1,0,0,1,0,0,0,0,0,0,0,0,0,0,1,0,0,0,0,0,0,1,0,0,1,0,0,0,0,0,0,0,0,0,0,0,0,0,0,1,0,0,0,0,0,0,0,0,0,0,1,0,0,0,0,0,0,1,0,0,1,0,0,0,0,0,0,0,0,0,0,0,0,0,0,1,0,0,0,0,0,0,0,0,0,0,1,0,0,0,0,0,0
N_-2,N,-2,0,1,-1,0,1,-1,0,1,1,1,-1,-1,0,1,0,0,1,0,0,0,0,0,0,1,0,0,1,0,0,0,0,0,0,0,0,0,0,1,0,0,0,0,0,0,1,0,0,1,0,0,0,0,0,0,0,0,0,0,1,0,0,0,0,0,0,1,0,0,1,0,0,0,0,0,0,0,0,0,0,0,0,0,0,1,0,0,0,0,0,0,0,0,0,0,1,0,0,0,0,0,0,1,0,0,1,0,0,0,0,0,0,0,0,0,0,0,0,0,0,1,0,0,0,0,0,0,0,0,0,0,1,0,0,0,0,0,0
N_-1,N,-1,0,1,-1,0,1,-1,0,1,1,1,-1,0,0,1,0,0,1,0,0,0,0,0,0,1,0,0,1,0,0,0,0,0,0,0,0,0,0,1,0,0,0,0,0,0,1,0,0,1,0,0,0,0,0,0,0,0,0,0,1,0,0,0,0,0,0,1,0,0,1,0,0,0,0,0,0,0,0,0,0,0,0,0,0,1,0,0,0,0,0,0,0,0,0,0,1,0,0,0,0,0,0,1,0,0,1,0,0,0,0,0,0,0,0,0,0,0,0,0,0,1,0,0,0,0,0,0,0,0,0,0,1,0,0,0,0,0,0
N_+0,N,0,0,1,-1,0,1,-1,0,1,1,1,0,0,0,1,0,0,1,0,0,0,0,0,0,1,0,0,1,0,0,0,0,0,0,0,0,0,0,1,0,0,0,0,0,0,1,0,0,1,0,0,0,0,0,0,0,0,0,0,1,0,0,0,0,0,0,1,0,0,1,0,0,0,0,0,0,0,0,0,0,0,0,0,0,1,0,0,0,0,0,0,0,0,0,0,1,0,0,0,0,0,0,1,0,0,1,0,0,0,0,0,0,0,0,0,0,0,0,0,0,1,0,0,0,0,0,0,0,0,0,0,1,0,0,0,0,0,0
N_+1,N,1,0,1,-1,0,1,-1,0,1,1,0,0,0,0,1,0,0,1,0,0,0,0,0,0,1,0,0,1,0,0,0,0,0,0,0,0,0,0,1,0,0,0,0,0,0,1,0,0,1,0,0,0,0,0,0,0,0,0,0,1,0,0,0,0,0,0,1,0,0,1,0,0,0,0,0,0,0,0,0,0,0,0,0,0,1,0,0,0,0,0,0,0,0,0,0,1,0,0,0,0,0,0,1,0,0,1,0,0,0,0,0,0,0,0,0,0,0,0,0,0,1,0,0,0,0,0,0,0,0,0,0,1,0,0,0,0,0,0
N_+2,N,2,0,1,-1,0,1,-1,0,1,0,0,0,0,0,1,0,0,1,0,0,0,0,0,0,1,0,0,1,0,0,0,0,0,0,0,0,0,0,1,0,0,0,0,0,0,1,0,0,1,0,0,0,0,0,0,0,0,0,0,1,0,0,0,0,0,0,1,0,0,1,0,0,0,0,0,0,0,0,0,0,0,0,0,0,1,0,0,0,0,0,0,0,0,0,0,1,0,0,0,0,0,0,1,0,0,1,0,0,0,0,0,0,0,0,0,0,0,0,0,0,1,0,0,0,0,0,0,0,0,0,0,1,0,0,0,0,0,0
N_+3,N,3,0,1,-1,0,1,-1,1,0,0,0,0,0,0,1,0,0,1,0,0,0,0,0,0,1,0,0,1,0,0,0,0,0,0,0,0,0,0,1,0,0,0,0,0,0,1,0,0,1,0,0,0,0,0,0,0,0,0,0,1,0,0,0,0,0,0,1,0,0,1,0,0,0,0,0,0,0,0,0,0,0,0,0,0,1,0,0,0,0,0,0,0,0,0,0,1,0,0,0,0,0,0,1,0,0,1,0,0,0,0,0,0,0,0,0,0,0,0,0,0,1,0,0,0,0,0,0,0,0,0,0,1,0,0,0,0,0,0
N_+4,N,4,0,1,-1,0,1,0,1,0,0,0,0,0,0,1,0,0,1,0,0,0,0,0,0,1,0,0,1,0,0,0,0,0,0,0,0,0,0,1,0,0,0,0,0,0,1,0,0,1,0,0,0,0,0,0,0,0,0,0,1,0,0,0,0,0,0,1,0,0,1,0,0,0,0,0,0,0,0,0,0,0,0,0,0,1,0,0,0,0,0,0,0,0,0,0,1,0,0,0,0,0,0,1,0,0,1,0,0,0,0,0,0,0,0,0,0,0,0,0,0,1,0,0,0,0,0,0,0,0,0,0,1,0,0,0,0,0,0
N_+5,N,5,0,1,-1,1,0,0,1,0,0,0,0,0,0,1,0,0,1,0,0,0,0,0,0,1,0,0,1,0,0,0,0,0,0,0,0,0,0,1,0,0,0,0,0,0,1,0,0,1,0,0,0,0,0,0,0,0,0,0,1,0,0,0,0,0,0,1,0,0,1,0,0,0,0,0,0,0,0,0,0,0,0,0,0,1,0,0,0,0,0,0,0,0,0,0,1,0,0,0,0,0,0,1,0,0,1,0,0,0,0,0,0,0,0,0,0,0,0,0,0,1,0,0,0,0,0,0,0,0,0,0,1,0,0,0,0,0,0
Na_+1,Na,1,0,1,-1,0,1,-1,0,1,1,1,-1,-1,-1,1,0,0,1,0,0,0,0,0,0,1,0,0,1,0,0,0,0,0,0,0,0,0,0,1,0,0,0,0,0,0,1,0,0,1,0,0,0,0,0,0,0,0,0,0,1,0,0,0,0,0,0,1,0,0,1,0,0,0,0,0,0,0,0,0,0,0,0,0,0,1,0,0,0,0,0,0,0,0,0,0,1,0,0,0,0,0,0,1,0,0,1,0,0,0,0,0,0,0,0,0,0,0,0,0,0,1,0,0,0,0,0,0,0,0,0,0,1,0,0,0,0,0,0
Nb_+2,Nb,2,0,1,-1,0,1,-1,0,1,1,1,-1,-1,-1,0,1,-1,0,1,1,1,-1,-1,-1,0,1,-1,0,1,1,1,1,1,-1,-1,-1,-1,-1,0,1,1,1,-1,-1,-1,1,0,0,0,1,1,1,0,0,0,0,0,0,0,1,0,0,0,0,0,0,1,0,0,1,0,0,0,0,0,0,0,0,0,0,0,0,0,0,1,0,0,0,0,0,0,0,0,0,0,1,0,0,0,0,0,0,1,0,0,1,0,0,0,0,0,0,0,0,0,0,0,0,0,0,1,0,0,0,0,0,0,0,0,0,0,1,0,0,0,0,0,0
Nb_+3,Nb,3,0,1,-1,0,1,-1,0,1,1,1,-1,-1,-1,0,1,-1,0,1,1,1,-1,-1,-1,0,1,-1,0,1,1,1,1,1,-1,-1,-1,-1,-1,0,1,1,1,-1,-1,-1,1,0,0,0,1,1,0,0,0,0,0,0,0,0,1,0,0,0,0,0,0,1,0,0,1,0,0,0,0,0,0,0,0,0,0,0,0,0,0,1,0,0,0,0,0,0,0,0,0,0,1,0,0,0,0,0,0,1,0,0,1,0,0,0,0,0,0,0,0,0,0,0,0,0,0,1,0,0,0,0,0,0,0,0,0,0,1,0,0,0,0,0,0
Nb_+4,Nb,4,0,1,-1,0,1,-1,0,1,1,1,-1,-1,-1,0,1,-1,0,1,1,1,-1,-1,-1,0,1,-1,0,1,1,1,1,1,-1,-1,-1,-1,-1,0,1,1,1,-1,-1,-1,1,0,0,0,1,0,0,0,0,0,0,0,0,0,1,0,0,0,0,0,0,1,0,0,1,0,0,0,0,0,0,0,0,0,0,0,0,0,0,1,0,0,0,0,0,0,0,0,0,0,1,0,0,0,0,0,0,1,0,0,1,0,0,0,0,0,0,0,0,0,0,0,0,0,0,1,0,0,0,0,0,0,0,0,0,0,1,0,0,0,0,0,0
Nb_+5,Nb,5,0,1,-1,0,1,-1,0,1,1,1,-1,-1,-1,0,1,-1,0,1,1,1,-1,-1,-1,0,1,-1,0,1,1,1,1,1,-1,-1,-1,-1,-1,0,1,1,1,-1,-1,-1,1,0,0,1,0,0,0,0,0,0,0,0,0,0,1,0,0,0,0,0,0,1,0,0,1,0,0,0,0,0,0,0,0,0,0,0,0,0,0,1,0,0,0,0,0,0,0,0,0,0,1,0,0,0,0,0,0,1,0,0,1,0,0,0,0,0,0,0,0,0,0,0,0,0,0,1,0,0,0,0,0,0,0,0,0,0,1,0,0,0,0,0,0
Nd_+2,Nd,2,0,1,-1,0,1,-1,0,1,1,1,-1,-1,-1,0,1,-1,0,1,1,1,-1,-1,-1,0,1,-1,0,1,1,1,1,1,-1,-1,-1,-1,-1,0,1,1,1,-1,-1,-1,0,1,-1,0,1,1,1,1,1,-1,-1,-1,-1,-1,0,1,1,1,-1,-1,-1,1,0,0,0,1,1,1,1,0,0,0,0,0,0,0,0,0,0,1,0,0,0,0,0,0,0,0,0,0,1,0,0,0,0,0,0,1,0,0,1,0,0,0,0,0,0,0,0,0,0,0,0,0,0,1,0,0,0,0,0,0,0,0,0,0,1,0,0,0,0,0,0
Nd_+3,Nd,3,0,1,-1,0,1,-1,0,1,1,1,-1,-1,-1,0,1,-1,0,1,1,1,-1,-1,-1,0,1,-1,0,1,1,1,1,1,-1,-1,-1,-1,-1,0,1,1,1,-1,-1,-1,0,1,-1,0,1,1,1,1,1,-1,-1,-1,-1,-1,0,1,1,1,-1,-1,0,1,0,0,0,1,1,1,1,0,0,0,0,0,0,0,0,0,0,1,0,0,0,0,0,0,0,0,0,0,1,0,0,0,0,0,0,1,0,0,1,0,0,0,0,0,0,0,0,0,0,0,0,0,0,1,0,0,0,0,0,0,0,0,0,0,1,0,0,0,0,0,0
Ni_+1,Ni,1,0,1,-1,0,1,-1,0,1,1,1,-1,-1,-1,0,1,-1,0,1,1,1,-1,-1,-1,0,1,0,0,1,1,1,1,1,-1,-1,-1,0,0,1,0,0,0,0,0,0,1,0,0,1,0,0,0,0,0,0,0,0,0,0,1,0,0,0,0,0,0,1,0,0,1,0,0,0,0,0,0,0,0,0,0,0,0,0,0,1,0,0,0,0,0,0,0,0,0,0,1,0,0,0,0,0,0,1,0,0,1,0,0,0,0,0,0,0,0,0,0,0,0,0,0,1,0,0,0,0,0,0,0,0,0,0,1,0,0,0,0,0,0
Ni_+2,Ni,2,0,1,-1,0,1,-1,0,1,1,1,-1,-1,-1,0,1,-1,0,1,1,1,-1,-1,-1,1,0,0,0,1,1,1,1,1,-1,-1,-1,0,0,1,0,0,0,0,0,0,1,0,0,1,0,0,0,0,0,0,0,0,0,0,1,0,0,0,0,0,0,1,0,0,1,0,0,0,0,0,0,0,0,0,0,0,0,0,0,1,0,0,0,0,0,0,0,0,0,0,1,0,0,0,0,0,0,1,0,0,1,0,0,0,0,0,0,0,0,0,0,0,0,0,0,1,0,0,0,0,0,0,0,0,0,0,1,0,0,0,0,0,0
Ni_+3,Ni,3,0,1,-1,0,1,-1,0,1,1,1,-1,-1,-1,0,1,-1,0,1,1,1,-1,-1,-1,1,0,0,0,1,1,1,1,1,-1,-1,0,0,0,1,0,0,0,0,0,0,1,0,0,1,0,0,0,0,0,0,0,0,0,0,1,0,0,0,0,0,0,1,0,0,1,0,0,0,0,0,0,0,0,0,0,0,0,0,0,1,0,0,0,0,0,0,0,0,0,0,1,0,0,0,0,0,0,1,0,0,1,0,0,0,0,0,0,0,0,0,0,0,0,0,0,1,0,0,0,0,0,0,0,0,0,0,1,0,0,0,0,0,0
Ni_+4,Ni,4,0,1,-1,0,1,-1,0,1,1,1,-1,-1,-1,0,1,-1,0,1,1,1,-1,-1,-1,1,0,0,0,1,1,1,1,1,-1,0,0,0,0,1,0,0,0,0,0,0,1,0,0,1,0,0,0,0,0,0,0,0,0,0,1,0,0,0,0,0,0,1,0,0,1,0,0,0,0,0,0,0,0,0,0,0,0,0,0,1,0,0,0,0,0,0,0,0,0,0,1,0,0,0,0,0,0,1,0,0,1,0,0,0,0,0,0,0,0,0,0,0,0,0,0,1,0,0,0,0,0,0,0,0,0,0,1,0,0,0,0,0,0
Np_+3,Np,3,0,1,-1,0,1,-1,0,1,1,1,-1,-1,-1,0,1,-1,0,1,1,1,-1,-1,-1,0,1,-1,0,1,1,1,1,1,-1,-1,-1,-1,-1,0,1,1,1,-1,-1,-1,0,1,-1,0,1,1,1,1,1,-1,-1,-1,-1,-1,0,1,1,1,-1,-1,-1,0,1,-1,0,1,1,1,1,1,1,1,-1,-1,-1,-1,-1,-1,-1,0,1,1,1,1,1,-1,-1,-1,-1,-1,0,1,1,1,-1,-1,-1,1,0,0,0,1,1,1,1,0,0,0,0,0,0,0,0,0,0,1,0,0,0,0,0,0,0,0,0,0,1,0,0,0,0,0,0
Np_+4,Np,4,0,1,-1,0,1,-1,0,1,1,1,-1,-1,-1,0,1,-1,0,1,1,1,-1,-1,-1,0,1,-1,0,1,1,1,1,1,-1,-1,-1,-1,-1,0,1,1,1,-1,-1,-1,0,1,-1,0,1,1,1,1,1,-1,-1,-1,-1,-1,0,1,1,1,-1,-1,-1,0,1,-1,0,1,1,1,1,1,1,1,-1,-1,-1,-1,-1,-1,-1,0,1,1,1,1,1,-1,-1,-1,-1,-1,0,1,1,1,-1,-1,0,1,0,0,0,1,1,1,1,0,0,0,0,0,0,0,0,0,0,1,0,0,0,0,0,0,0,0,0,0,1,0,0,0,0,0,0
Np_+5,Np,5,0,1,-1,0,1,-1,0,1,1,1,-1,-1,-1,0,1,-1,0,1,1,1,-1,-1,-1,0,1,-1,0,1,1,1,1,1,-1,-1,-1,-1,-1,0,1,1,1,-1,-1,-1,0,1,-1,0,1,1,1,1,1,-1,-1,-1,-1,-1,0,1,1,1,-1,-1,-1,0,1,-1,0,1,1,1,1,1,1,1,-1,-1,-1,-1,-1,-1,-1,0,1,1,1,1,1,-1,-1,-1,-1,-1,0,1,1,1,-1,0,0,1,0,0,0,1,1,1,1,0,0,0,0,0,0,0,0,0,0,1,0,0,0,0,0,0,0,0,0,0,1,0,0,0,0,0,0
Np_+6,Np,6,0,1,-1,0,1,-1,0,1,1,1,-1,-1,-1,0,1,-1,0,1,1,1,-1,-1,-1,0,1,-1,0,1,1,1,1,1,-1,-1,-1,-1,-1,0,1,1,1,-1,-1,-1,0,1,-1,0,1,1,1,1,1,-1,-1,-1,-1,-1,0,1,1,1,-1,-1,-1,0,1,-1,0,1,1,1,1,1,1,1,-1,-1,-1,-1,-1,-1,-1,0,1,1,1,1,1,-1,-1,-1,-1,-1,0,1,1,1,0,0,0,1,0,0,0,1,1,1,1,0,0,0,0,0,0,0,0,0,0,1,0,0,0,0,0,0,0,0,0,0,1,0,0,0,0,0,0
Np_+7,Np,7,0,1,-1,0,1,-1,0,1,1,1,-1,-1,-1,0,1,-1,0,1,1,1,-1,-1,-1,0,1,-1,0,1,1,1,1,1,-1,-1,-1,-1,-1,0,1,1,1,-1,-1,-1,0,1,-1,0,1,1,1,1,1,-1,-1,-1,-1,-1,0,1,1,1,-1,-1,-1,0,1,-1,0,1,1,1,1,1,1,1,-1,-1,-1,-1,-1,-1,-1,0,1,1,1,1,1,-1,-1,-1,-1,-1,0,1,1,0,0,0,0,1,0,0,0,1,1,1,1,0,0,0,0,0,0,0,0,0,0,1,0,0,0,0,0,0,0,0,0,0,1,0,0,0,0,0,0
O_-2,O,-2,0,1,-1,0,1,-1,0,1,1,1,-1,-1,-1,1,0,0,1,0,0,0,0,0,0,1,0,0,1,0,0,0,0,0,0,0,0,0,0,1,0,0,0,0,0,0,1,0,0,1,0,0,0,0,0,0,0,0,0,0,1,0,0,0,0,0,0,1,0,0,1,0,0,0,0,0,0,0,0,0,0,0,0,0,0,1,0,0,0,0,0,0,0,0,0,0,1,0,0,0,0,0,0,1,0,0,1,0,0,0,0,0,0,0,0,0,0,0,0,0,0,1,0,0,0,0,0,0,0,0,0,0,1,0,0,0,0,0,0
Os_-2,Os,-2,0,1,-1,0,1,-1,0,1,1,1,-1,-1,-1,0,1,-1,0,1,1,1,-1,-1,-1,0,1,-1,0,1,1,1,1,1,-1,-1,-1,-1,-1,0,1,1,1,-1,-1,-1,0,1,-1,0,1,1,1,1,1,-1,-1,-1,-1,-1,0,1,1,1,-1,-1,-1,0,1,-1,0,1,1,1,1,1,1,1,-1,-1,-1,-1,-1,-1,-1,0,1,1,1,1,1,-1,-1,-1,0,0,1,0,0,0,0,0,0,1,0,0,1,0,0,0,0,0,0,0,0,0,0,0,0,0,0,1,0,0,0,0,0,0,0,0,0,0,1,0,0,0,0,0,0
Os_-1,Os,-1,0,1,-1,0,1,-1,0,1,1,1,-1,-1,-1,0,1,-1,0,1,1,1,-1,-1,-1,0,1,-1,0,1,1,1,1,1,-1,-1,-1,-1,-1,0,1,1,1,-1,-1,-1,0,1,-1,0,1,1,1,1,1,-1,-1,-1,-1,-1,0,1,1,1,-1,-1,-1,0,1,-1,0,1,1,1,1,1,1,1,-1,-1,-1,-1,-1,-1,-1,0,1,1,1,1,1,-1,-1,0,0,0,1,0,0,0,0,0,0,1,0,0,1,0,0,0,0,0,0,0,0,0,0,0,0,0,0,1,0,0,0,0,0,0,0,0,0,0,1,0,0,0,0,0,0
Os_+0,Os,0,0,1,-1,0,1,-1,0,1,1,1,-1,-1,-1,0,1,-1,0,1,1,1,-1,-1,-1,0,1,-1,0,1,1,1,1,1,-1,-1,-1,-1,-1,0,1,1,1,-1,-1,-1,0,1,-1,0,1,1,1,1,1,-1,-1,-1,-1,-1,0,1,1,1,-1,-1,-1,0,1,-1,0,1,1,1,1,1,1,1,-1,-1,-1,-1,-1,-1,-1,0,1,1,1,1,1,-1,0,0,0,0,1,0,0,0,0,0,0,1,0,0,1,0,0,0,0,0,0,0,0,0,0,0,0,0,0,1,0,0,0,0,0,0,0,0,0,0,1,0,0,0,0,0,0
Os_+1,Os,1,0,1,-1,0,1,-1,0,1,1,1,-1,-1,-1,0,1,-1,0,1,1,1,-1,-1,-1,0,1,-1,0,1,1,1,1,1,-1,-1,-1,-1,-1,0,1,1,1,-1,-1,-1,0,1,-1,0,1,1,1,1,1,-1,-1,-1,-1,-1,0,1,1,1,-1,-1,-1,0,1,0,0,1,1,1,1,1,1,1,-1,-1,-1,-1,-1,-1,-1,0,1,1,1,1,1,-1,0,0,0,0,1,0,0,0,0,0,0,1,0,0,1,0,0,0,0,0,0,0,0,0,0,0,0,0,0,1,0,0,0,0,0,0,0,0,0,0,1,0,0,0,0,0,0
Os_+2,Os,2,0,1,-1,0,1,-1,0,1,1,1,-1,-1,-1,0,1,-1,0,1,1,1,-1,-1,-1,0,1,-1,0,1,1,1,1,1,-1,-1,-1,-1,-1,0,1,1,1,-1,-1,-1,0,1,-1,0,1,1,1,1,1,-1,-1,-1,-1,-1,0,1,1,1,-1,-1,-1,1,0,0,0,1,1,1,1,1,1,1,-1,-1,-1,-1,-1,-1,-1,0,1,1,1,1,1,-1,0,0,0,0,1,0,0,0,0,0,0,1,0,0,1,0,0,0,0,0,0,0,0,0,0,0,0,0,0,1,0,0,0,0,0,0,0,0,0,0,1,0,0,0,0,0,0
Os_+3,Os,3,0,1,-1,0,1,-1,0,1,1,1,-1,-1,-1,0,1,-1,0,1,1,1,-1,-1,-1,0,1,-1,0,1,1,1,1,1,-1,-1,-1,-1,-1,0,1,1,1,-1,-1,-1,0,1,-1,0,1,1,1,1,1,-1,-1,-1,-1,-1,0,1,1,1,-1,-1,-1,1,0,0,0,1,1,1,1,1,1,1,-1,-1,-1,-1,-1,-1,-1,0,1,1,1,1,1,0,0,0,0,0,1,0,0,0,0,0,0,1,0,0,1,0,0,0,0,0,0,0,0,0,0,0,0,0,0,1,0,0,0,0,0,0,0,0,0,0,1,0,0,0,0,0,0
Os_+4,Os,4,0,1,-1,0,1,-1,0,1,1,1,-1,-1,-1,0,1,-1,0,1,1,1,-1,-1,-1,0,1,-1,0,1,1,1,1,1,-1,-1,-1,-1,-1,0,1,1,1,-1,-1,-1,0,1,-1,0,1,1,1,1,1,-1,-1,-1,-1,-1,0,1,1,1,-1,-1,-1,1,0,0,0,1,1,1,1,1,1,1,-1,-1,-1,-1,-1,-1,-1,0,1,1,1,1,0,0,0,0,0,0,1,0,0,0,0,0,0,1,0,0,1,0,0,0,0,0,0,0,0,0,0,0,0,0,0,1,0,0,0,0,0,0,0,0,0,0,1,0,0,0,0,0,0
Os_+5,Os,5,0,1,-1,0,1,-1,0,1,1,1,-1,-1,-1,0,1,-1,0,1,1,1,-1,-1,-1,0,1,-1,0,1,1,1,1,1,-1,-1,-1,-1,-1,0,1,1,1,-1,-1,-1,0,1,-1,0,1,1,1,1,1,-1,-1,-1,-1,-1,0,1,1,1,-1,-1,-1,1,0,0,0,1,1,1,1,1,1,1,-1,-1,-1,-1,-1,-1,-1,0,1,1,1,0,0,0,0,0,0,0,1,0,0,0,0,0,0,1,0,0,1,0,0,0,0,0,0,0,0,0,0,0,0,0,0,1,0,0,0,0,0,0,0,0,0,0,1,0,0,0,0,0,0
Os_+6,Os,6,0,1,-1,0,1,-1,0,1,1,1,-1,-1,-1,0,1,-1,0,1,1,1,-1,-1,-1,0,1,-1,0,1,1,1,1,1,-1,-1,-1,-1,-1,0,1,1,1,-1,-1,-1,0,1,-1,0,1,1,1,1,1,-1,-1,-1,-1,-1,0,1,1,1,-1,-1,-1,1,0,0,0,1,1,1,1,1,1,1,-1,-1,-1,-1,-1,-1,-1,0,1,1,0,0,0,0,0,0,0,0,1,0,0,0,0,0,0,1,0,0,1,0,0,0,0,0,0,0,0,0,0,0,0,0,0,1,0,0,0,0,0,0,0,0,0,0,1,0,0,0,0,0,0
Os_+7,Os,7,0,1,-1,0,1,-1,0,1,1,1,-1,-1,-1,0,1,-1,0,1,1,1,-1,-1,-1,0,1,-1,0,1,1,1,1,1,-1,-1,-1,-1,-1,0,1,1,1,-1,-1,-1,0,1,-1,0,1,1,1,1,1,-1,-1,-1,-1,-1,0,1,1,1,-1,-1,-1,1,0,0,0,1,1,1,1,1,1,1,-1,-1,-1,-1,-1,-1,-1,0,1,0,0,0,0,0,0,0,0,0,1,0,0,0,0,0,0,1,0,0,1,0,0,0,0,0,0,0,0,0,0,0,0,0,0,1,0,0,0,0,0,0,0,0,0,0,1,0,0,0,0,0,0
Os_+8,Os,8,0,1,-1,0,1,-1,0,1,1,1,-1,-1,-1,0,1,-1,0,1,1,1,-1,-1,-1,0,1,-1,0,1,1,1,1,1,-1,-1,-1,-1,-1,0,1,1,1,-1,-1,-1,0,1,-1,0,1,1,1,1,1,-1,-1,-1,-1,-1,0,1,1,1,-1,-1,-1,1,0,0,0,1,1,1,1,1,1,1,-1,-1,-1,-1,-1,-1,-1,1,0,0,0,0,0,0,0,0,0,0,1,0,0,0,0,0,0,1,0,0,1,0,0,0,0,0,0,0,0,0,0,0,0,0,0,1,0,0,0,0,0,0,0,0,0,0,1,0,0,0,0,0,0
P_-3,P,-3,0,1,-1,0,1,-1,0,1,1,1,-1,-1,-1,0,1,-1,0,1,1,1,-1,-1,-1,1,0,0,1,0,0,0,0,0,0,0,0,0,0,1,0,0,0,0,0,0,1,0,0,1,0,0,0,0,0,0,0,0,0,0,1,0,0,0,0,0,0,1,0,0,1,0,0,0,0,0,0,0,0,0,0,0,0,0,0,1,0,0,0,0,0,0,0,0,0,0,1,0,0,0,0,0,0,1,0,0,1,0,0,0,0,0,0,0,0,0,0,0,0,0,0,1,0,0,0,0,0,0,0,0,0,0,1,0,0,0,0,0,0
P_-2,P,-2,0,1,-1,0,1,-1,0,1,1,1,-1,-1,-1,0,1,-1,0,1,1,1,-1,-1,0,1,0,0,1,0,0,0,0,0,0,0,0,0,0,1,0,0,0,0,0,0,1,0,0,1,0,0,0,0,0,0,0,0,0,0,1,0,0,0,0,0,0,1,0,0,1,0,0,0,0,0,0,0,0,0,0,0,0,0,0,1,0,0,0,0,0,0,0,0,0,0,1,0,0,0,0,0,0,1,0,0,1,0,0,0,0,0,0,0,0,0,0,0,0,0,0,1,0,0,0,0,0,0,0,0,0,0,1,0,0,0,0,0,0
P_-1,P,-1,0,1,-1,0,1,-1,0,1,1,1,-1,-1,-1,0,1,-1,0,1,1,1,-1,0,0,1,0,0,1,0,0,0,0,0,0,0,0,0,0,1,0,0,0,0,0,0,1,0,0,1,0,0,0,0,0,0,0,0,0,0,1,0,0,0,0,0,0,1,0,0,1,0,0,0,0,0,0,0,0,0,0,0,0,0,0,1,0,0,0,0,0,0,0,0,0,0,1,0,0,0,0,0,0,1,0,0,1,0,0,0,0,0,0,0,0,0,0,0,0,0,0,1,0,0,0,0,0,0,0,0,0,0,1,0,0,0,0,0,0
P_+0,P,0,0,1,-1,0,1,-1,0,1,1,1,-1,-1,-1,0,1,-1,0,1,1,1,0,0,0,1,0,0,1,0,0,0,0,0,0,0,0,0,0,1,0,0,0,0,0,0,1,0,0,1,0,0,0,0,0,0,0,0,0,0,1,0,0,0,0,0,0,1,0,0,1,0,0,0,0,0,0,0,0,0,0,0,0,0,0,1,0,0,0,0,0,0,0,0,0,0,1,0,0,0,0,0,0,1,0,0,1,0,0,0,0,0,0,0,0,0,0,0,0,0,0,1,0,0,0,0,0,0,0,0,0,0,1,0,0,0,0,0,0
P_+1,P,1,0,1,-1,0,1,-1,0,1,1,1,-1,-1,-1,0,1,-1,0,1,1,0,0,0,0,1,0,0,1,0,0,0,0,0,0,0,0,0,0,1,0,0,0,0,0,0,1,0,0,1,0,0,0,0,0,0,0,0,0,0,1,0,0,0,0,0,0,1,0,0,1,0,0,0,0,0,0,0,0,0,0,0,0,0,0,1,0,0,0,0,0,0,0,0,0,0,1,0,0,0,0,0,0,1,0,0,1,0,0,0,0,0,0,0,0,0,0,0,0,0,0,1,0,0,0,0,0,0,0,0,0,0,1,0,0,0,0,0,0
P_+2,P,2,0,1,-1,0,1,-1,0,1,1,1,-1,-1,-1,0,1,-1,0,1,0,0,0,0,0,1,0,0,1,0,0,0,0,0,0,0,0,0,0,1,0,0,0,0,0,0,1,0,0,1,0,0,0,0,0,0,0,0,0,0,1,0,0,0,0,0,0,1,0,0,1,0,0,0,0,0,0,0,0,0,0,0,0,0,0,1,0,0,0,0,0,0,0,0,0,0,1,0,0,0,0,0,0,1,0,0,1,0,0,0,0,0,0,0,0,0,0,0,0,0,0,1,0,0,0,0,0,0,0,0,0,0,1,0,0,0,0,0,0
P_+3,P,3,0,1,-1,0,1,-1,0,1,1,1,-1,-1,-1,0,1,-1,1,0,0,0,0,0,0,1,0,0,1,0,0,0,0,0,0,0,0,0,0,1,0,0,0,0,0,0,1,0,0,1,0,0,0,0,0,0,0,0,0,0,1,0,0,0,0,0,0,1,0,0,1,0,0,0,0,0,0,0,0,0,0,0,0,0,0,1,0,0,0,0,0,0,0,0,0,0,1,0,0,0,0,0,0,1,0,0,1,0,0,0,0,0,0,0,0,0,0,0,0,0,0,1,0,0,0,0,0,0,0,0,0,0,1,0,0,0,0,0,0
P_+4,P,4,0,1,-1,0,1,-1,0,1,1,1,-1,-1,-1,0,1,0,1,0,0,0,0,0,0,1,0,0,1,0,0,0,0,0,0,0,0,0,0,1,0,0,0,0,0,0,1,0,0,1,0,0,0,0,0,0,0,0,0,0,1,0,0,0,0,0,0,1,0,0,1,0,0,0,0,0,0,0,0,0,0,0,0,0,0,1,0,0,0,0,0,0,0,0,0,0,1,0,0,0,0,0,0,1,0,0,1,0,0,0,0,0,0,0,0,0,0,0,0,0,0,1,0,0,0,0,0,0,0,0,0,0,1,0,0,0,0,0,0
P_+5,P,5,0,1,-1,0,1,-1,0,1,1,1,-1,-1,-1,1,0,0,1,0,0,0,0,0,0,1,0,0,1,0,0,0,0,0,0,0,0,0,0,1,0,0,0,0,0,0,1,0,0,1,0,0,0,0,0,0,0,0,0,0,1,0,0,0,0,0,0,1,0,0,1,0,0,0,0,0,0,0,0,0,0,0,0,0,0,1,0,0,0,0,0,0,0,0,0,0,1,0,0,0,0,0,0,1,0,0,1,0,0,0,0,0,0,0,0,0,0,0,0,0,0,1,0,0,0,0,0,0,0,0,0,0,1,0,0,0,0,0,0
Pa_+3,Pa,3,0,1,-1,0,1,-1,0,1,1,1,-1,-1,-1,0,1,-1,0,1,1,1,-1,-1,-1,0,1,-1,0,1,1,1,1,1,-1,-1,-1,-1,-1,0,1,1,1,-1,-1,-1,0,1,-1,0,1,1,1,1,1,-1,-1,-1,-1,-1,0,1,1,1,-1,-1,-1,0,1,-1,0,1,1,1,1,1,1,1,-1,-1,-1,-1,-1,-1,-1,0,1,1,1,1,1,-1,-1,-1,-1,-1,0,1,1,1,-1,-1,-1,1,0,0,0,1,1,0,0,0,0,0,0,0,0,0,0,0,0,1,0,0,0,0,0,0,0,0,0,0,1,0,0,0,0,0,0
Pa_+4,Pa,4,0,1,-1,0,1,-1,0,1,1,1,-1,-1,-1,0,1,-1,0,1,1,1,-1,-1,-1,0,1,-1,0,1,1,1,1,1,-1,-1,-1,-1,-1,0,1,1,1,-1,-1,-1,0,1,-1,0,1,1,1,1,1,-1,-1,-1,-1,-1,0,1,1,1,-1,-1,-1,0,1,-1,0,1,1,1,1,1,1,1,-1,-1,-1,-1,-1,-1,-1,0,1,1,1,1,1,-1,-1,-1,-1,-1,0,1,1,1,-1,-1,0,1,0,0,0,1,1,0,0,0,0,0,0,0,0,0,0,0,0,1,0,0,0,0,0,0,0,0,0,0,1,0,0,0,0,0,0
Pa_+5,Pa,5,0,1,-1,0,1,-1,0,1,1,1,-1,-1,-1,0,1,-1,0,1,1,1,-1,-1,-1,0,1,-1,0,1,1,1,1,1,-1,-1,-1,-1,-1,0,1,1,1,-1,-1,-1,0,1,-1,0,1,1,1,1,1,-1,-1,-1,-1,-1,0,1,1,1,-1,-1,-1,0,1,-1,0,1,1,1,1,1,1,1,-1,-1,-1,-1,-1,-1,-1,0,1,1,1,1,1,-1,-1,-1,-1,-1,0,1,1,1,-1,0,0,1,0,0,0,1,1,0,0,0,0,0,0,0,0,0,0,0,0,1,0,0,0,0,0,0,0,0,0,0,1,0,0,0,0,0,0
Pb_+2,Pb,2,0,1,-1,0,1,-1,0,1,1,1,-1,-1,-1,0,1,-1,0,1,1,1,-1,-1,-1,0,1,-1,0,1,1,1,1,1,-1,-1,-1,-1,-1,0,1,1,1,-1,-1,-1,0,1,-1,0,1,1,1,1,1,-1,-1,-1,-1,-1,0,1,1,1,-1,-1,-1,0,1,-1,0,1,1,1,1,1,1,1,-1,-1,-1,-1,-1,-1,-1,0,1,1,1,1,1,-1,-1,-1,-1,-1,1,0,0,0,0,0,0,1,0,0,1,0,0,0,0,0,0,0,0,0,0,0,0,0,0,1,0,0,0,0,0,0,0,0,0,0,1,0,0,0,0,0,0
Pb_+3,Pb,3,0,1,-1,0,1,-1,0,1,1,1,-1,-1,-1,0,1,-1,0,1,1,1,-1,-1,-1,0,1,-1,0,1,1,1,1,1,-1,-1,-1,-1,-1,0,1,1,1,-1,-1,-1,0,1,-1,0,1,1,1,1,1,-1,-1,-1,-1,-1,0,1,1,1,-1,-1,-1,0,1,0,0,1,1,1,1,1,1,1,-1,-1,-1,-1,-1,-1,-1,0,1,1,1,1,1,-1,-1,-1,-1,-1,1,0,0,0,0,0,0,1,0,0,1,0,0,0,0,0,0,0,0,0,0,0,0,0,0,1,0,0,0,0,0,0,0,0,0,0,1,0,0,0,0,0,0
Pb_+4,Pb,4,0,1,-1,0,1,-1,0,1,1,1,-1,-1,-1,0,1,-1,0,1,1,1,-1,-1,-1,0,1,-1,0,1,1,1,1,1,-1,-1,-1,-1,-1,0,1,1,1,-1,-1,-1,0,1,-1,0,1,1,1,1,1,-1,-1,-1,-1,-1,0,1,1,1,-1,-1,-1,1,0,0,0,1,1,1,1,1,1,1,-1,-1,-1,-1,-1,-1,-1,0,1,1,1,1,1,-1,-1,-1,-1,-1,1,0,0,0,0,0,0,1,0,0,1,0,0,0,0,0,0,0,0,0,0,0,0,0,0,1,0,0,0,0,0,0,0,0,0,0,1,0,0,0,0,0,0
Pd_+2,Pd,2,0,1,-1,0,1,-1,0,1,1,1,-1,-1,-1,0,1,-1,0,1,1,1,-1,-1,-1,0,1,-1,0,1,1,1,1,1,-1,-1,-1,-1,-1,0,1,1,1,-1,-1,-1,1,0,0,0,1,1,1,1,1,-1,-1,-1,0,0,1,0,0,0,0,0,0,1,0,0,1,0,0,0,0,0,0,0,0,0,0,0,0,0,0,1,0,0,0,0,0,0,0,0,0,0,1,0,0,0,0,0,0,1,0,0,1,0,0,0,0,0,0,0,0,0,0,0,0,0,0,1,0,0,0,0,0,0,0,0,0,0,1,0,0,0,0,0,0
Pd_+3,Pd,3,0,1,-1,0,1,-1,0,1,1,1,-1,-1,-1,0,1,-1,0,1,1,1,-1,-1,-1,0,1,-1,0,1,1,1,1,1,-1,-1,-1,-1,-1,0,1,1,1,-1,-1,-1,1,0,0,0,1,1,1,1,1,-1,-1,0,0,0,1,0,0,0,0,0,0,1,0,0,1,0,0,0,0,0,0,0,0,0,0,0,0,0,0,1,0,0,0,0,0,0,0,0,0,0,1,0,0,0,0,0,0,1,0,0,1,0,0,0,0,0,0,0,0,0,0,0,0,0,0,1,0,0,0,0,0,0,0,0,0,0,1,0,0,0,0,0,0
Pd_+4,Pd,4,0,1,-1,0,1,-1,0,1,1,1,-1,-1,-1,0,1,-1,0,1,1,1,-1,-1,-1,0,1,-1,0,1,1,1,1,1,-1,-1,-1,-1,-1,0,1,1,1,-1,-1,-1,1,0,0,0,1,1,1,1,1,-1,0,0,0,0,1,0,0,0,0,0,0,1,0,0,1,0,0,0,0,0,0,0,0,0,0,0,0,0,0,1,0,0,0,0,0,0,0,0,0,0,1,0,0,0,0,0,0,1,0,0,1,0,0,0,0,0,0,0,0,0,0,0,0,0,0,1,0,0,0,0,0,0,0,0,0,0,1,0,0,0,0,0,0
Pm_+3,Pm,3,0,1,-1,0,1,-1,0,1,1,1,-1,-1,-1,0,1,-1,0,1,1,1,-1,-1,-1,0,1,-1,0,1,1,1,1,1,-1,-1,-1,-1,-1,0,1,1,1,-1,-1,-1,0,1,-1,0,1,1,1,1,1,-1,-1,-1,-1,-1,0,1,1,1,-1,-1,0,1,0,0,0,1,1,1,1,1,0,0,0,0,0,0,0,0,0,1,0,0,0,0,0,0,0,0,0,0,1,0,0,0,0,0,0,1,0,0,1,0,0,0,0,0,0,0,0,0,0,0,0,0,0,1,0,0,0,0,0,0,0,0,0,0,1,0,0,0,0,0,0
Pr_+3,Pr,3,0,1,-1,0,1,-1,0,1,1,1,-1,-1,-1,0,1,-1,0,1,1,1,-1,-1,-1,0,1,-1,0,1,1,1,1,1,-1,-1,-1,-1,-1,0,1,1,1,-1,-1,-1,0,1,-1,0,1,1,1,1,1,-1,-1,-1,-1,-1,0,1,1,1,-1,-1,0,1,0,0,0,1,1,1,0,0,0,0,0,0,0,0,0,0,0,1,0,0,0,0,0,0,0,0,0,0,1,0,0,0,0,0,0,1,0,0,1,0,0,0,0,0,0,0,0,0,0,0,0,0,0,1,0,0,0,0,0,0,0,0,0,0,1,0,0,0,0,0,0
Pr_+4,Pr,4,0,1,-1,0,1,-1,0,1,1,1,-1,-1,-1,0,1,-1,0,1,1,1,-1,-1,-1,0,1,-1,0,1,1,1,1,1,-1,-1,-1,-1,-1,0,1,1,1,-1,-1,-1,0,1,-1,0,1,1,1,1,1,-1,-1,-1,-1,-1,0,1,1,1,-1,0,0,1,0,0,0,1,1,1,0,0,0,0,0,0,0,0,0,0,0,1,0,0,0,0,0,0,0,0,0,0,1,0,0,0,0,0,0,1,0,0,1,0,0,0,0,0,0,0,0,0,0,0,0,0,0,1,0,0,0,0,0,0,0,0,0,0,1,0,0,0,0,0,0
Pt_-2,Pt,-2,0,1,-1,0,1,-1,0,1,1,1,-1,-1,-1,0,1,-1,0,1,1,1,-1,-1,-1,0,1,-1,0,1,1,1,1,1,-1,-1,-1,-1,-1,0,1,1,1,-1,-1,-1,0,1,-1,0,1,1,1,1,1,-1,-1,-1,-1,-1,0,1,1,1,-1,-1,-1,0,1,-1,0,1,1,1,1,1,1,1,-1,-1,-1,-1,-1,-1,-1,0,1,1,1,1,1,-1,-1,-1,-1,-1,1,0,0,0,0,0,0,1,0,0,1,0,0,0,0,0,0,0,0,0,0,0,0,0,0,1,0,0,0,0,0,0,0,0,0,0,1,0,0,0,0,0,0
Pt_-1,Pt,-1,0,1,-1,0,1,-1,0,1,1,1,-1,-1,-1,0,1,-1,0,1,1,1,-1,-1,-1,0,1,-1,0,1,1,1,1,1,-1,-1,-1,-1,-1,0,1,1,1,-1,-1,-1,0,1,-1,0,1,1,1,1,1,-1,-1,-1,-1,-1,0,1,1,1,-1,-1,-1,0,1,-1,0,1,1,1,1,1,1,1,-1,-1,-1,-1,-1,-1,-1,0,1,1,1,1,1,-1,-1,-1,-1,0,1,0,0,0,0,0,0,1,0,0,1,0,0,0,0,0,0,0,0,0,0,0,0,0,0,1,0,0,0,0,0,0,0,0,0,0,1,0,0,0,0,0,0
Pt_+0,Pt,0,0,1,-1,0,1,-1,0,1,1,1,-1,-1,-1,0,1,-1,0,1,1,1,-1,-1,-1,0,1,-1,0,1,1,1,1,1,-1,-1,-1,-1,-1,0,1,1,1,-1,-1,-1,0,1,-1,0,1,1,1,1,1,-1,-1,-1,-1,-1,0,1,1,1,-1,-1,-1,0,1,0,0,1,1,1,1,1,1,1,-1,-1,-1,-1,-1,-1,-1,0,1,1,1,1,1,-1,-1,-1,-1,0,1,0,0,0,0,0,0,1,0,0,1,0,0,0,0,0,0,0,0,0,0,0,0,0,0,1,0,0,0,0,0,0,0,0,0,0,1,0,0,0,0,0,0
Pt_+1,Pt,1,0,1,-1,0,1,-1,0,1,1,1,-1,-1,-1,0,1,-1,0,1,1,1,-1,-1,-1,0,1,-1,0,1,1,1,1,1,-1,-1,-1,-1,-1,0,1,1,1,-1,-1,-1,0,1,-1,0,1,1,1,1,1,-1,-1,-1,-1,-1,0,1,1,1,-1,-1,-1,1,0,0,0,1,1,1,1,1,1,1,-1,-1,-1,-1,-1,-1,-1,0,1,1,1,1,1,-1,-1,-1,-1,0,1,0,0,0,0,0,0,1,0,0,1,0,0,0,0,0,0,0,0,0,0,0,0,0,0,1,0,0,0,0,0,0,0,0,0,0,1,0,0,0,0,0,0
Pt_+2,Pt,2,0,1,-1,0,1,-1,0,1,1,1,-1,-1,-1,0,1,-1,0,1,1,1,-1,-1,-1,0,1,-1,0,1,1,1,1,1,-1,-1,-1,-1,-1,0,1,1,1,-1,-1,-1,0,1,-1,0,1,1,1,1,1,-1,-1,-1,-1,-1,0,1,1,1,-1,-1,-1,1,0,0,0,1,1,1,1,1,1,1,-1,-1,-1,-1,-1,-1,-1,0,1,1,1,1,1,-1,-1,-1,0,0,1,0,0,0,0,0,0,1,0,0,1,0,0,0,0,0,0,0,0,0,0,0,0,0,0,1,0,0,0,0,0,0,0,0,0,0,1,0,0,0,0,0,0
Pt_+3,Pt,3,0,1,-1,0,1,-1,0,1,1,1,-1,-1,-1,0,1,-1,0,1,1,1,-1,-1,-1,0,1,-1,0,1,1,1,1,1,-1,-1,-1,-1,-1,0,1,1,1,-1,-1,-1,0,1,-1,0,1,1,1,1,1,-1,-1,-1,-1,-1,0,1,1,1,-1,-1,-1,1,0,0,0,1,1,1,1,1,1,1,-1,-1,-1,-1,-1,-1,-1,0,1,1,1,1,1,-1,-1,0,0,0,1,0,0,0,0,0,0,1,0,0,1,0,0,0,0,0,0,0,0,0,0,0,0,0,0,1,0,0,0,0,0,0,0,0,0,0,1,0,0,0,0,0,0
Pt_+4,Pt,4,0,1,-1,0,1,-1,0,1,1,1,-1,-1,-1,0,1,-1,0,1,1,1,-1,-1,-1,0,1,-1,0,1,1,1,1,1,-1,-1,-1,-1,-1,0,1,1,1,-1,-1,-1,0,1,-1,0,1,1,1,1,1,-1,-1,-1,-1,-1,0,1,1,1,-1,-1,-1,1,0,0,0,1,1,1,1,1,1,1,-1,-1,-1,-1,-1,-1,-1,0,1,1,1,1,1,-1,0,0,0,0,1,0,0,0,0,0,0,1,0,0,1,0,0,0,0,0,0,0,0,0,0,0,0,0,0,1,0,0,0,0,0,0,0,0,0,0,1,0,0,0,0,0,0
Pt_+5,Pt,5,0,1,-1,0,1,-1,0,1,1,1,-1,-1,-1,0,1,-1,0,1,1,1,-1,-1,-1,0,1,-1,0,1,1,1,1,1,-1,-1,-1,-1,-1,0,1,1,1,-1,-1,-1,0,1,-1,0,1,1,1,1,1,-1,-1,-1,-1,-1,0,1,1,1,-1,-1,-1,1,0,0,0,1,1,1,1,1,1,1,-1,-1,-1,-1,-1,-1,-1,0,1,1,1,1,1,0,0,0,0,0,1,0,0,0,0,0,0,1,0,0,1,0,0,0,0,0,0,0,0,0,0,0,0,0,0,1,0,0,0,0,0,0,0,0,0,0,1,0,0,0,0,0,0
Pt_+6,Pt,6,0,1,-1,0,1,-1,0,1,1,1,-1,-1,-1,0,1,-1,0,1,1,1,-1,-1,-1,0,1,-1,0,1,1,1,1,1,-1,-1,-1,-1,-1,0,1,1,1,-1,-1,-1,0,1,-1,0,1,1,1,1,1,-1,-1,-1,-1,-1,0,1,1,1,-1,-1,-1,1,0,0,0,1,1,1,1,1,1,1,-1,-1,-1,-1,-1,-1,-1,0,1,1,1,1,0,0,0,0,0,0,1,0,0,0,0,0,0,1,0,0,1,0,0,0,0,0,0,0,0,0,0,0,0,0,0,1,0,0,0,0,0,0,0,0,0,0,1,0,0,0,0,0,0
Pu_+3,Pu,3,0,1,-1,0,1,-1,0,1,1,1,-1,-1,-1,0,1,-1,0,1,1,1,-1,-1,-1,0,1,-1,0,1,1,1,1,1,-1,-1,-1,-1,-1,0,1,1,1,-1,-1,-1,0,1,-1,0,1,1,1,1,1,-1,-1,-1,-1,-1,0,1,1,1,-1,-1,-1,0,1,-1,0,1,1,1,1,1,1,1,-1,-1,-1,-1,-1,-1,-1,0,1,1,1,1,1,-1,-1,-1,-1,-1,0,1,1,1,-1,-1,0,1,0,0,0,1,1,1,1,1,1,0,0,0,0,0,0,0,0,1,0,0,0,0,0,0,0,0,0,0,1,0,0,0,0,0,0
Pu_+4,Pu,4,0,1,-1,0,1,-1,0,1,1,1,-1,-1,-1,0,1,-1,0,1,1,1,-1,-1,-1,0,1,-1,0,1,1,1,1,1,-1,-1,-1,-1,-1,0,1,1,1,-1,-1,-1,0,1,-1,0,1,1,1,1,1,-1,-1,-1,-1,-1,0,1,1,1,-1,-1,-1,0,1,-1,0,1,1,1,1,1,1,1,-1,-1,-1,-1,-1,-1,-1,0,1,1,1,1,1,-1,-1,-1,-1,-1,0,1,1,1,-1,0,0,1,0,0,0,1,1,1,1,1,1,0,0,0,0,0,0,0,0,1,0,0,0,0,0,0,0,0,0,0,1,0,0,0,0,0,0
Pu_+5,Pu,5,0,1,-1,0,1,-1,0,1,1,1,-1,-1,-1,0,1,-1,0,1,1,1,-1,-1,-1,0,1,-1,0,1,1,1,1,1,-1,-1,-1,-1,-1,0,1,1,1,-1,-1,-1,0,1,-1,0,1,1,1,1,1,-1,-1,-1,-1,-1,0,1,1,1,-1,-1,-1,0,1,-1,0,1,1,1,1,1,1,1,-1,-1,-1,-1,-1,-1,-1,0,1,1,1,1,1,-1,-1,-1,-1,-1,0,1,1,1,0,0,0,1,0,0,0,1,1,1,1,1,1,0,0,0,0,0,0,0,0,1,0,0,0,0,0,0,0,0,0,0,1,0,0,0,0,0,0
Pu_+6,Pu,6,0,1,-1,0,1,-1,0,1,1,1,-1,-1,-1,0,1,-1,0,1,1,1,-1,-1,-1,0,1,-1,0,1,1,1,1,1,-1,-1,-1,-1,-1,0,1,1,1,-1,-1,-1,0,1,-1,0,1,1,1,1,1,-1,-1,-1,-1,-1,0,1,1,1,-1,-1,-1,0,1,-1,0,1,1,1,1,1,1,1,-1,-1,-1,-1,-1,-1,-1,0,1,1,1,1,1,-1,-1,-1,-1,-1,0,1,1,0,0,0,0,1,0,0,0,1,1,1,1,1,1,0,0,0,0,0,0,0,0,1,0,0,0,0,0,0,0,0,0,0,1,0,0,0,0,0,0
Pu_+7,Pu,7,0,1,-1,0,1,-1,0,1,1,1,-1,-1,-1,0,1,-1,0,1,1,1,-1,-1,-1,0,1,-1,0,1,1,1,1,1,-1,-1,-1,-1,-1,0,1,1,1,-1,-1,-1,0,1,-1,0,1,1,1,1,1,-1,-1,-1,-1,-1,0,1,1,1,-1,-1,-1,0,1,-1,0,1,1,1,1,1,1,1,-1,-1,-1,-1,-1,-1,-1,0,1,1,1,1,1,-1,-1,-1,-1,-1,0,1,0,0,0,0,0,1,0,0,0,1,1,1,1,1,1,0,0,0,0,0,0,0,0,1,0,0,0,0,0,0,0,0,0,0,1,0,0,0,0,0,0
Rb_+1,Rb,1,0,1,-1,0,1,-1,0,1,1,1,-1,-1,-1,0,1,-1,0,1,1,1,-1,-1,-1,0,1,-1,0,1,1,1,1,1,-1,-1,-1,-1,-1,0,1,1,1,-1,-1,-1,1,0,0,1,0,0,0,0,0,0,0,0,0,0,1,0,0,0,0,0,0,1,0,0,1,0,0,0,0,0,0,0,0,0,0,0,0,0,0,1,0,0,0,0,0,0,0,0,0,0,1,0,0,0,0,0,0,1,0,0,1,0,0,0,0,0,0,0,0,0,0,0,0,0,0,1,0,0,0,0,0,0,0,0,0,0,1,0,0,0,0,0,0
Re_+3,Re,3,0,1,-1,0,1,-1,0,1,1,1,-1,-1,-1,0,1,-1,0,1,1,1,-1,-1,-1,0,1,-1,0,1,1,1,1,1,-1,-1,-1,-1,-1,0,1,1,1,-1,-1,-1,0,1,-1,0,1,1,1,1,1,-1,-1,-1,-1,-1,0,1,1,1,-1,-1,-1,1,0,0,0,1,1,1,1,1,1,1,-1,-1,-1,-1,-1,-1,-1,0,1,1,1,1,0,0,0,0,0,0,1,0,0,0,0,0,0,1,0,0,1,0,0,0,0,0,0,0,0,0,0,0,0,0,0,1,0,0,0,0,0,0,0,0,0,0,1,0,0,0,0,0,0
Re_+4,Re,4,0,1,-1,0,1,-1,0,1,1,1,-1,-1,-1,0,1,-1,0,1,1,1,-1,-1,-1,0,1,-1,0,1,1,1,1,1,-1,-1,-1,-1,-1,0,1,1,1,-1,-1,-1,0,1,-1,0,1,1,1,1,1,-1,-1,-1,-1,-1,0,1,1,1,-1,-1,-1,1,0,0,0,1,1,1,1,1,1,1,-1,-1,-1,-1,-1,-1,-1,0,1,1,1,0,0,0,0,0,0,0,1,0,0,0,0,0,0,1,0,0,1,0,0,0,0,0,0,0,0,0,0,0,0,0,0,1,0,0,0,0,0,0,0,0,0,0,1,0,0,0,0,0,0
Re_+5,Re,5,0,1,-1,0,1,-1,0,1,1,1,-1,-1,-1,0,1,-1,0,1,1,1,-1,-1,-1,0,1,-1,0,1,1,1,1,1,-1,-1,-1,-1,-1,0,1,1,1,-1,-1,-1,0,1,-1,0,1,1,1,1,1,-1,-1,-1,-1,-1,0,1,1,1,-1,-1,-1,1,0,0,0,1,1,1,1,1,1,1,-1,-1,-1,-1,-1,-1,-1,0,1,1,0,0,0,0,0,0,0,0,1,0,0,0,0,0,0,1,0,0,1,0,0,0,0,0,0,0,0,0,0,0,0,0,0,1,0,0,0,0,0,0,0,0,0,0,1,0,0,0,0,0,0
Re_+6,Re,6,0,1,-1,0,1,-1,0,1,1,1,-1,-1,-1,0,1,-1,0,1,1,1,-1,-1,-1,0,1,-1,0,1,1,1,1,1,-1,-1,-1,-1,-1,0,1,1,1,-1,-1,-1,0,1,-1,0,1,1,1,1,1,-1,-1,-1,-1,-1,0,1,1,1,-1,-1,-1,1,0,0,0,1,1,1,1,1,1,1,-1,-1,-1,-1,-1,-1,-1,0,1,0,0,0,0,0,0,0,0,0,1,0,0,0,0,0,0,1,0,0,1,0,0,0,0,0,0,0,0,0,0,0,0,0,0,1,0,0,0,0,0,0,0,0,0,0,1,0,0,0,0,0,0
Re_+7,Re,7,0,1,-1,0,1,-1,0,1,1,1,-1,-1,-1,0,1,-1,0,1,1,1,-1,-1,-1,0,1,-1,0,1,1,1,1,1,-1,-1,-1,-1,-1,0,1,1,1,-1,-1,-1,0,1,-1,0,1,1,1,1,1,-1,-1,-1,-1,-1,0,1,1,1,-1,-1,-1,1,0,0,0,1,1,1,1,1,1,1,-1,-1,-1,-1,-1,-1,-1,1,0,0,0,0,0,0,0,0,0,0,1,0,0,0,0,0,0,1,0,0,1,0,0,0,0,0,0,0,0,0,0,0,0,0,0,1,0,0,0,0,0,0,0,0,0,0,1,0,0,0,0,0,0
Rh_+3,Rh,3,0,1,-1,0,1,-1,0,1,1,1,-1,-1,-1,0,1,-1,0,1,1,1,-1,-1,-1,0,1,-1,0,1,1,1,1,1,-1,-1,-1,-1,-1,0,1,1,1,-1,-1,-1,1,0,0,0,1,1,1,1,1,-1,0,0,0,0,1,0,0,0,0,0,0,1,0,0,1,0,0,0,0,0,0,0,0,0,0,0,0,0,0,1,0,0,0,0,0,0,0,0,0,0,1,0,0,0,0,0,0,1,0,0,1,0,0,0,0,0,0,0,0,0,0,0,0,0,0,1,0,0,0,0,0,0,0,0,0,0,1,0,0,0,0,0,0
Rh_+4,Rh,4,0,1,-1,0,1,-1,0,1,1,1,-1,-1,-1,0,1,-1,0,1,1,1,-1,-1,-1,0,1,-1,0,1,1,1,1,1,-1,-1,-1,-1,-1,0,1,1,1,-1,-1,-1,1,0,0,0,1,1,1,1,1,0,0,0,0,0,1,0,0,0,0,0,0,1,0,0,1,0,0,0,0,0,0,0,0,0,0,0,0,0,0,1,0,0,0,0,0,0,0,0,0,0,1,0,0,0,0,0,0,1,0,0,1,0,0,0,0,0,0,0,0,0,0,0,0,0,0,1,0,0,0,0,0,0,0,0,0,0,1,0,0,0,0,0,0
Ru_+2,Ru,2,0,1,-1,0,1,-1,0,1,1,1,-1,-1,-1,0,1,-1,0,1,1,1,-1,-1,-1,0,1,-1,0,1,1,1,1,1,-1,-1,-1,-1,-1,0,1,1,1,-1,-1,-1,1,0,0,0,1,1,1,1,1,-1,0,0,0,0,1,0,0,0,0,0,0,1,0,0,1,0,0,0,0,0,0,0,0,0,0,0,0,0,0,1,0,0,0,0,0,0,0,0,0,0,1,0,0,0,0,0,0,1,0,0,1,0,0,0,0,0,0,0,0,0,0,0,0,0,0,1,0,0,0,0,0,0,0,0,0,0,1,0,0,0,0,0,0
Ru_+3,Ru,3,0,1,-1,0,1,-1,0,1,1,1,-1,-1,-1,0,1,-1,0,1,1,1,-1,-1,-1,0,1,-1,0,1,1,1,1,1,-1,-1,-1,-1,-1,0,1,1,1,-1,-1,-1,1,0,0,0,1,1,1,1,1,0,0,0,0,0,1,0,0,0,0,0,0,1,0,0,1,0,0,0,0,0,0,0,0,0,0,0,0,0,0,1,0,0,0,0,0,0,0,0,0,0,1,0,0,0,0,0,0,1,0,0,1,0,0,0,0,0,0,0,0,0,0,0,0,0,0,1,0,0,0,0,0,0,0,0,0,0,1,0,0,0,0,0,0
Ru_+4,Ru,4,0,1,-1,0,1,-1,0,1,1,1,-1,-1,-1,0,1,-1,0,1,1,1,-1,-1,-1,0,1,-1,0,1,1,1,1,1,-1,-1,-1,-1,-1,0,1,1,1,-1,-1,-1,1,0,0,0,1,1,1,1,0,0,0,0,0,0,1,0,0,0,0,0,0,1,0,0,1,0,0,0,0,0,0,0,0,0,0,0,0,0,0,1,0,0,0,0,0,0,0,0,0,0,1,0,0,0,0,0,0,1,0,0,1,0,0,0,0,0,0,0,0,0,0,0,0,0,0,1,0,0,0,0,0,0,0,0,0,0,1,0,0,0,0,0,0
Ru_+5,Ru,5,0,1,-1,0,1,-1,0,1,1,1,-1,-1,-1,0,1,-1,0,1,1,1,-1,-1,-1,0,1,-1,0,1,1,1,1,1,-1,-1,-1,-1,-1,0,1,1,1,-1,-1,-1,1,0,0,0,1,1,1,0,0,0,0,0,0,0,1,0,0,0,0,0,0,1,0,0,1,0,0,0,0,0,0,0,0,0,0,0,0,0,0,1,0,0,0,0,0,0,0,0,0,0,1,0,0,0,0,0,0,1,0,0,1,0,0,0,0,0,0,0,0,0,0,0,0,0,0,1,0,0,0,0,0,0,0,0,0,0,1,0,0,0,0,0,0
Ru_+6,Ru,6,0,1,-1,0,1,-1,0,1,1,1,-1,-1,-1,0,1,-1,0,1,1,1,-1,-1,-1,0,1,-1,0,1,1,1,1,1,-1,-1,-1,-1,-1,0,1,1,1,-1,-1,-1,1,0,0,0,1,1,0,0,0,0,0,0,0,0,1,0,0,0,0,0,0,1,0,0,1,0,0,0,0,0,0,0,0,0,0,0,0,0,0,1,0,0,0,0,0,0,0,0,0,0,1,0,0,0,0,0,0,1,0,0,1,0,0,0,0,0,0,0,0,0,0,0,0,0,0,1,0,0,0,0,0,0,0,0,0,0,1,0,0,0,0,0,0
S_-2,S,-2,0,1,-1,0,1,-1,0,1,1,1,-1,-1,-1,0,1,-1,0,1,1,1,-1,-1,-1,1,0,0,1,0,0,0,0,0,0,0,0,0,0,1,0,0,0,0,0,0,1,0,0,1,0,0,0,0,0,0,0,0,0,0,1,0,0,0,0,0,0,1,0,0,1,0,0,0,0,0,0,0,0,0,0,0,0,0,0,1,0,0,0,0,0,0,0,0,0,0,1,0,0,0,0,0,0,1,0,0,1,0,0,0,0,0,0,0,0,0,0,0,0,0,0,1,0,0,0,0,0,0,0,0,0,0,1,0,0,0,0,0,0
S_-1,S,-1,0,1,-1,0,1,-1,0,1,1,1,-1,-1,-1,0,1,-1,0,1,1,1,-1,-1,0,1,0,0,1,0,0,0,0,0,0,0,0,0,0,1,0,0,0,0,0,0,1,0,0,1,0,0,0,0,0,0,0,0,0,0,1,0,0,0,0,0,0,1,0,0,1,0,0,0,0,0,0,0,0,0,0,0,0,0,0,1,0,0,0,0,0,0,0,0,0,0,1,0,0,0,0,0,0,1,0,0,1,0,0,0,0,0,0,0,0,0,0,0,0,0,0,1,0,0,0,0,0,0,0,0,0,0,1,0,0,0,0,0,0
S_+0,S,0,0,1,-1,0,1,-1,0,1,1,1,-1,-1,-1,0,1,-1,0,1,1,1,-1,0,0,1,0,0,1,0,0,0,0,0,0,0,0,0,0,1,0,0,0,0,0,0,1,0,0,1,0,0,0,0,0,0,0,0,0,0,1,0,0,0,0,0,0,1,0,0,1,0,0,0,0,0,0,0,0,0,0,0,0,0,0,1,0,0,0,0,0,0,0,0,0,0,1,0,0,0,0,0,0,1,0,0,1,0,0,0,0,0,0,0,0,0,0,0,0,0,0,1,0,0,0,0,0,0,0,0,0,0,1,0,0,0,0,0,0
S_+1,S,1,0,1,-1,0,1,-1,0,1,1,1,-1,-1,-1,0,1,-1,0,1,1,1,0,0,0,1,0,0,1,0,0,0,0,0,0,0,0,0,0,1,0,0,0,0,0,0,1,0,0,1,0,0,0,0,0,0,0,0,0,0,1,0,0,0,0,0,0,1,0,0,1,0,0,0,0,0,0,0,0,0,0,0,0,0,0,1,0,0,0,0,0,0,0,0,0,0,1,0,0,0,0,0,0,1,0,0,1,0,0,0,0,0,0,0,0,0,0,0,0,0,0,1,0,0,0,0,0,0,0,0,0,0,1,0,0,0,0,0,0
S_+2,S,2,0,1,-1,0,1,-1,0,1,1,1,-1,-1,-1,0,1,-1,0,1,1,0,0,0,0,1,0,0,1,0,0,0,0,0,0,0,0,0,0,1,0,0,0,0,0,0,1,0,0,1,0,0,0,0,0,0,0,0,0,0,1,0,0,0,0,0,0,1,0,0,1,0,0,0,0,0,0,0,0,0,0,0,0,0,0,1,0,0,0,0,0,0,0,0,0,0,1,0,0,0,0,0,0,1,0,0,1,0,0,0,0,0,0,0,0,0,0,0,0,0,0,1,0,0,0,0,0,0,0,0,0,0,1,0,0,0,0,0,0
S_+3,S,3,0,1,-1,0,1,-1,0,1,1,1,-1,-1,-1,0,1,-1,0,1,0,0,0,0,0,1,0,0,1,0,0,0,0,0,0,0,0,0,0,1,0,0,0,0,0,0,1,0,0,1,0,0,0,0,0,0,0,0,0,0,1,0,0,0,0,0,0,1,0,0,1,0,0,0,0,0,0,0,0,0,0,0,0,0,0,1,0,0,0,0,0,0,0,0,0,0,1,0,0,0,0,0,0,1,0,0,1,0,0,0,0,0,0,0,0,0,0,0,0,0,0,1,0,0,0,0,0,0,0,0,0,0,1,0,0,0,0,0,0
S_+4,S,4,0,1,-1,0,1,-1,0,1,1,1,-1,-1,-1,0,1,-1,1,0,0,0,0,0,0,1,0,0,1,0,0,0,0,0,0,0,0,0,0,1,0,0,0,0,0,0,1,0,0,1,0,0,0,0,0,0,0,0,0,0,1,0,0,0,0,0,0,1,0,0,1,0,0,0,0,0,0,0,0,0,0,0,0,0,0,1,0,0,0,0,0,0,0,0,0,0,1,0,0,0,0,0,0,1,0,0,1,0,0,0,0,0,0,0,0,0,0,0,0,0,0,1,0,0,0,0,0,0,0,0,0,0,1,0,0,0,0,0,0
S_+5,S,5,0,1,-1,0,1,-1,0,1,1,1,-1,-1,-1,0,1,0,1,0,0,0,0,0,0,1,0,0,1,0,0,0,0,0,0,0,0,0,0,1,0,0,0,0,0,0,1,0,0,1,0,0,0,0,0,0,0,0,0,0,1,0,0,0,0,0,0,1,0,0,1,0,0,0,0,0,0,0,0,0,0,0,0,0,0,1,0,0,0,0,0,0,0,0,0,0,1,0,0,0,0,0,0,1,0,0,1,0,0,0,0,0,0,0,0,0,0,0,0,0,0,1,0,0,0,0,0,0,0,0,0,0,1,0,0,0,0,0,0
S_+6,S,6,0,1,-1,0,1,-1,0,1,1,1,-1,-1,-1,1,0,0,1,0,0,0,0,0,0,1,0,0,1,0,0,0,0,0,0,0,0,0,0,1,0,0,0,0,0,0,1,0,0,1,0,0,0,0,0,0,0,0,0,0,1,0,0,0,0,0,0,1,0,0,1,0,0,0,0,0,0,0,0,0,0,0,0,0,0,1,0,0,0,0,0,0,0,0,0,0,1,0,0,0,0,0,0,1,0,0,1,0,0,0,0,0,0,0,0,0,0,0,0,0,0,1,0,0,0,0,0,0,0,0,0,0,1,0,0,0,0,0,0
Sb_-3,Sb,-3,0,1,-1,0,1,-1,0,1,1,1,-1,-1,-1,0,1,-1,0,1,1,1,-1,-1,-1,0,1,-1,0,1,1,1,1,1,-1,-1,-1,-1,-1,0,1,1,1,-1,-1,-1,0,1,-1,0,1,1,1,1,1,-1,-1,-1,-1,-1,0,1,1,1,-1,-1,-1,1,0,0,1,0,0,0,0,0,0,0,0,0,0,0,0,0,0,1,0,0,0,0,0,0,0,0,0,0,1,0,0,0,0,0,0,1,0,0,1,0,0,0,0,0,0,0,0,0,0,0,0,0,0,1,0,0,0,0,0,0,0,0,0,0,1,0,0,0,0,0,0
Sb_-2,Sb,-2,0,1,-1,0,1,-1,0,1,1,1,-1,-1,-1,0,1,-1,0,1,1,1,-1,-1,-1,0,1,-1,0,1,1,1,1,1,-1,-1,-1,-1,-1,0,1,1,1,-1,-1,-1,0,1,-1,0,1,1,1,1,1,-1,-1,-1,-1,-1,0,1,1,1,-1,-1,0,1,0,0,1,0,0,0,0,0,0,0,0,0,0,0,0,0,0,1,0,0,0,0,0,0,0,0,0,0,1,0,0,0,0,0,0,1,0,0,1,0,0,0,0,0,0,0,0,0,0,0,0,0,0,1,0,0,0,0,0,0,0,0,0,0,1,0,0,0,0,0,0
Sb_-1,Sb,-1,0,1,-1,0,1,-1,0,1,1,1,-1,-1,-1,0,1,-1,0,1,1,1,-1,-1,-1,0,1,-1,0,1,1,1,1,1,-1,-1,-1,-1,-1,0,1,1,1,-1,-1,-1,0,1,-1,0,1,1,1,1,1,-1,-1,-1,-1,-1,0,1,1,1,-1,0,0,1,0,0,1,0,0,0,0,0,0,0,0,0,0,0,0,0,0,1,0,0,0,0,0,0,0,0,0,0,1,0,0,0,0,0,0,1,0,0,1,0,0,0,0,0,0,0,0,0,0,0,0,0,0,1,0,0,0,0,0,0,0,0,0,0,1,0,0,0,0,0,0
Sb_+0,Sb,0,0,1,-1,0,1,-1,0,1,1,1,-1,-1,-1,0,1,-1,0,1,1,1,-1,-1,-1,0,1,-1,0,1,1,1,1,1,-1,-1,-1,-1,-1,0,1,1,1,-1,-1,-1,0,1,-1,0,1,1,1,1,1,-1,-1,-1,-1,-1,0,1,1,1,0,0,0,1,0,0,1,0,0,0,0,0,0,0,0,0,0,0,0,0,0,1,0,0,0,0,0,0,0,0,0,0,1,0,0,0,0,0,0,1,0,0,1,0,0,0,0,0,0,0,0,0,0,0,0,0,0,1,0,0,0,0,0,0,0,0,0,0,1,0,0,0,0,0,0
Sb_+1,Sb,1,0,1,-1,0,1,-1,0,1,1,1,-1,-1,-1,0,1,-1,0,1,1,1,-1,-1,-1,0,1,-1,0,1,1,1,1,1,-1,-1,-1,-1,-1,0,1,1,1,-1,-1,-1,0,1,-1,0,1,1,1,1,1,-1,-1,-1,-1,-1,0,1,1,0,0,0,0,1,0,0,1,0,0,0,0,0,0,0,0,0,0,0,0,0,0,1,0,0,0,0,0,0,0,0,0,0,1,0,0,0,0,0,0,1,0,0,1,0,0,0,0,0,0,0,0,0,0,0,0,0,0,1,0,0,0,0,0,0,0,0,0,0,1,0,0,0,0,0,0
Sb_+2,Sb,2,0,1,-1,0,1,-1,0,1,1,1,-1,-1,-1,0,1,-1,0,1,1,1,-1,-1,-1,0,1,-1,0,1,1,1,1,1,-1,-1,-1,-1,-1,0,1,1,1,-1,-1,-1,0,1,-1,0,1,1,1,1,1,-1,-1,-1,-1,-1,0,1,0,0,0,0,0,1,0,0,1,0,0,0,0,0,0,0,0,0,0,0,0,0,0,1,0,0,0,0,0,0,0,0,0,0,1,0,0,0,0,0,0,1,0,0,1,0,0,0,0,0,0,0,0,0,0,0,0,0,0,1,0,0,0,0,0,0,0,0,0,0,1,0,0,0,0,0,0
Sb_+3,Sb,3,0,1,-1,0,1,-1,0,1,1,1,-1,-1,-1,0,1,-1,0,1,1,1,-1,-1,-1,0,1,-1,0,1,1,1,1,1,-1,-1,-1,-1,-1,0,1,1,1,-1,-1,-1,0,1,-1,0,1,1,1,1,1,-1,-1,-1,-1,-1,1,0,0,0,0,0,0,1,0,0,1,0,0,0,0,0,0,0,0,0,0,0,0,0,0,1,0,0,0,0,0,0,0,0,0,0,1,0,0,0,0,0,0,1,0,0,1,0,0,0,0,0,0,0,0,0,0,0,0,0,0,1,0,0,0,0,0,0,0,0,0,0,1,0,0,0,0,0,0
Sb_+4,Sb,4,0,1,-1,0,1,-1,0,1,1,1,-1,-1,-1,0,1,-1,0,1,1,1,-1,-1,-1,0,1,-1,0,1,1,1,1,1,-1,-1,-1,-1,-1,0,1,1,1,-1,-1,-1,0,1,0,0,1,1,1,1,1,-1,-1,-1,-1,-1,1,0,0,0,0,0,0,1,0,0,1,0,0,0,0,0,0,0,0,0,0,0,0,0,0,1,0,0,0,0,0,0,0,0,0,0,1,0,0,0,0,0,0,1,0,0,1,0,0,0,0,0,0,0,0,0,0,0,0,0,0,1,0,0,0,0,0,0,0,0,0,0,1,0,0,0,0,0,0
Sb_+5,Sb,5,0,1,-1,0,1,-1,0,1,1,1,-1,-1,-1,0,1,-1,0,1,1,1,-1,-1,-1,0,1,-1,0,1,1,1,1,1,-1,-1,-1,-1,-1,0,1,1,1,-1,-1,-1,1,0,0,0,1,1,1,1,1,-1,-1,-1,-1,-1,1,0,0,0,0,0,0,1,0,0,1,0,0,0,0,0,0,0,0,0,0,0,0,0,0,1,0,0,0,0,0,0,0,0,0,0,1,0,0,0,0,0,0,1,0,0,1,0,0,0,0,0,0,0,0,0,0,0,0,0,0,1,0,0,0,0,0,0,0,0,0,0,1,0,0,0,0,0,0
Sc_+2,Sc,2,0,1,-1,0,1,-1,0,1,1,1,-1,-1,-1,0,1,-1,0,1,1,1,-1,-1,-1,1,0,0,0,1,0,0,0,0,0,0,0,0,0,1,0,0,0,0,0,0,1,0,0,1,0,0,0,0,0,0,0,0,0,0,1,0,0,0,0,0,0,1,0,0,1,0,0,0,0,0,0,0,0,0,0,0,0,0,0,1,0,0,0,0,0,0,0,0,0,0,1,0,0,0,0,0,0,1,0,0,1,0,0,0,0,0,0,0,0,0,0,0,0,0,0,1,0,0,0,0,0,0,0,0,0,0,1,0,0,0,0,0,0
Sc_+3,Sc,3,0,1,-1,0,1,-1,0,1,1,1,-1,-1,-1,0,1,-1,0,1,1,1,-1,-1,-1,1,0,0,1,0,0,0,0,0,0,0,0,0,0,1,0,0,0,0,0,0,1,0,0,1,0,0,0,0,0,0,0,0,0,0,1,0,0,0,0,0,0,1,0,0,1,0,0,0,0,0,0,0,0,0,0,0,0,0,0,1,0,0,0,0,0,0,0,0,0,0,1,0,0,0,0,0,0,1,0,0,1,0,0,0,0,0,0,0,0,0,0,0,0,0,0,1,0,0,0,0,0,0,0,0,0,0,1,0,0,0,0,0,0
Se_-2,Se,-2,0,1,-1,0,1,-1,0,1,1,1,-1,-1,-1,0,1,-1,0,1,1,1,-1,-1,-1,0,1,-1,0,1,1,1,1,1,-1,-1,-1,-1,-1,0,1,1,1,-1,-1,-1,1,0,0,1,0,0,0,0,0,0,0,0,0,0,1,0,0,0,0,0,0,1,0,0,1,0,0,0,0,0,0,0,0,0,0,0,0,0,0,1,0,0,0,0,0,0,0,0,0,0,1,0,0,0,0,0,0,1,0,0,1,0,0,0,0,0,0,0,0,0,0,0,0,0,0,1,0,0,0,0,0,0,0,0,0,0,1,0,0,0,0,0,0
Se_-1,Se,-1,0,1,-1,0,1,-1,0,1,1,1,-1,-1,-1,0,1,-1,0,1,1,1,-1,-1,-1,0,1,-1,0,1,1,1,1,1,-1,-1,-1,-1,-1,0,1,1,1,-1,-1,0,1,0,0,1,0,0,0,0,0,0,0,0,0,0,1,0,0,0,0,0,0,1,0,0,1,0,0,0,0,0,0,0,0,0,0,0,0,0,0,1,0,0,0,0,0,0,0,0,0,0,1,0,0,0,0,0,0,1,0,0,1,0,0,0,0,0,0,0,0,0,0,0,0,0,0,1,0,0,0,0,0,0,0,0,0,0,1,0,0,0,0,0,0
Se_+0,Se,0,0,1,-1,0,1,-1,0,1,1,1,-1,-1,-1,0,1,-1,0,1,1,1,-1,-1,-1,0,1,-1,0,1,1,1,1,1,-1,-1,-1,-1,-1,0,1,1,1,-1,0,0,1,0,0,1,0,0,0,0,0,0,0,0,0,0,1,0,0,0,0,0,0,1,0,0,1,0,0,0,0,0,0,0,0,0,0,0,0,0,0,1,0,0,0,0,0,0,0,0,0,0,1,0,0,0,0,0,0,1,0,0,1,0,0,0,0,0,0,0,0,0,0,0,0,0,0,1,0,0,0,0,0,0,0,0,0,0,1,0,0,0,0,0,0
Se_+1,Se,1,0,1,-1,0,1,-1,0,1,1,1,-1,-1,-1,0,1,-1,0,1,1,1,-1,-1,-1,0,1,-1,0,1,1,1,1,1,-1,-1,-1,-1,-1,0,1,1,1,0,0,0,1,0,0,1,0,0,0,0,0,0,0,0,0,0,1,0,0,0,0,0,0,1,0,0,1,0,0,0,0,0,0,0,0,0,0,0,0,0,0,1,0,0,0,0,0,0,0,0,0,0,1,0,0,0,0,0,0,1,0,0,1,0,0,0,0,0,0,0,0,0,0,0,0,0,0,1,0,0,0,0,0,0,0,0,0,0,1,0,0,0,0,0,0
Se_+2,Se,2,0,1,-1,0,1,-1,0,1,1,1,-1,-1,-1,0,1,-1,0,1,1,1,-1,-1,-1,0,1,-1,0,1,1,1,1,1,-1,-1,-1,-1,-1,0,1,1,0,0,0,0,1,0,0,1,0,0,0,0,0,0,0,0,0,0,1,0,0,0,0,0,0,1,0,0,1,0,0,0,0,0,0,0,0,0,0,0,0,0,0,1,0,0,0,0,0,0,0,0,0,0,1,0,0,0,0,0,0,1,0,0,1,0,0,0,0,0,0,0,0,0,0,0,0,0,0,1,0,0,0,0,0,0,0,0,0,0,1,0,0,0,0,0,0
Se_+3,Se,3,0,1,-1,0,1,-1,0,1,1,1,-1,-1,-1,0,1,-1,0,1,1,1,-1,-1,-1,0,1,-1,0,1,1,1,1,1,-1,-1,-1,-1,-1,0,1,0,0,0,0,0,1,0,0,1,0,0,0,0,0,0,0,0,0,0,1,0,0,0,0,0,0,1,0,0,1,0,0,0,0,0,0,0,0,0,0,0,0,0,0,1,0,0,0,0,0,0,0,0,0,0,1,0,0,0,0,0,0,1,0,0,1,0,0,0,0,0,0,0,0,0,0,0,0,0,0,1,0,0,0,0,0,0,0,0,0,0,1,0,0,0,0,0,0
Se_+4,Se,4,0,1,-1,0,1,-1,0,1,1,1,-1,-1,-1,0,1,-1,0,1,1,1,-1,-1,-1,0,1,-1,0,1,1,1,1,1,-1,-1,-1,-1,-1,1,0,0,0,0,0,0,1,0,0,1,0,0,0,0,0,0,0,0,0,0,1,0,0,0,0,0,0,1,0,0,1,0,0,0,0,0,0,0,0,0,0,0,0,0,0,1,0,0,0,0,0,0,0,0,0,0,1,0,0,0,0,0,0,1,0,0,1,0,0,0,0,0,0,0,0,0,0,0,0,0,0,1,0,0,0,0,0,0,0,0,0,0,1,0,0,0,0,0,0
Se_+5,Se,5,0,1,-1,0,1,-1,0,1,1,1,-1,-1,-1,0,1,-1,0,1,1,1,-1,-1,-1,0,1,0,0,1,1,1,1,1,-1,-1,-1,-1,-1,1,0,0,0,0,0,0,1,0,0,1,0,0,0,0,0,0,0,0,0,0,1,0,0,0,0,0,0,1,0,0,1,0,0,0,0,0,0,0,0,0,0,0,0,0,0,1,0,0,0,0,0,0,0,0,0,0,1,0,0,0,0,0,0,1,0,0,1,0,0,0,0,0,0,0,0,0,0,0,0,0,0,1,0,0,0,0,0,0,0,0,0,0,1,0,0,0,0,0,0
Se_+6,Se,6,0,1,-1,0,1,-1,0,1,1,1,-1,-1,-1,0,1,-1,0,1,1,1,-1,-1,-1,1,0,0,0,1,1,1,1,1,-1,-1,-1,-1,-1,1,0,0,0,0,0,0,1,0,0,1,0,0,0,0,0,0,0,0,0,0,1,0,0,0,0,0,0,1,0,0,1,0,0,0,0,0,0,0,0,0,0,0,0,0,0,1,0,0,0,0,0,0,0,0,0,0,1,0,0,0,0,0,0,1,0,0,1,0,0,0,0,0,0,0,0,0,0,0,0,0,0,1,0,0,0,0,0,0,0,0,0,0,1,0,0,0,0,0,0
Si_-4,Si,-4,0,1,-1,0,1,-1,0,1,1,1,-1,-1,-1,0,1,-1,0,1,1,1,-1,-1,-1,1,0,0,1,0,0,0,0,0,0,0,0,0,0,1,0,0,0,0,0,0,1,0,0,1,0,0,0,0,0,0,0,0,0,0,1,0,0,0,0,0,0,1,0,0,1,0,0,0,0,0,0,0,0,0,0,0,0,0,0,1,0,0,0,0,0,0,0,0,0,0,1,0,0,0,0,0,0,1,0,0,1,0,0,0,0,0,0,0,0,0,0,0,0,0,0,1,0,0,0,0,0,0,0,0,0,0,1,0,0,0,0,0,0
Si_-3,Si,-3,0,1,-1,0,1,-1,0,1,1,1,-1,-1,-1,0,1,-1,0,1,1,1,-1,-1,0,1,0,0,1,0,0,0,0,0,0,0,0,0,0,1,0,0,0,0,0,0,1,0,0,1,0,0,0,0,0,0,0,0,0,0,1,0,0,0,0,0,0,1,0,0,1,0,0,0,0,0,0,0,0,0,0,0,0,0,0,1,0,0,0,0,0,0,0,0,0,0,1,0,0,0,0,0,0,1,0,0,1,0,0,0,0,0,0,0,0,0,0,0,0,0,0,1,0,0,0,0,0,0,0,0,0,0,1,0,0,0,0,0,0
Si_-2,Si,-2,0,1,-1,0,1,-1,0,1,1,1,-1,-1,-1,0,1,-1,0,1,1,1,-1,0,0,1,0,0,1,0,0,0,0,0,0,0,0,0,0,1,0,0,0,0,0,0,1,0,0,1,0,0,0,0,0,0,0,0,0,0,1,0,0,0,0,0,0,1,0,0,1,0,0,0,0,0,0,0,0,0,0,0,0,0,0,1,0,0,0,0,0,0,0,0,0,0,1,0,0,0,0,0,0,1,0,0,1,0,0,0,0,0,0,0,0,0,0,0,0,0,0,1,0,0,0,0,0,0,0,0,0,0,1,0,0,0,0,0,0
Si_-1,Si,-1,0,1,-1,0,1,-1,0,1,1,1,-1,-1,-1,0,1,-1,0,1,1,1,0,0,0,1,0,0,1,0,0,0,0,0,0,0,0,0,0,1,0,0,0,0,0,0,1,0,0,1,0,0,0,0,0,0,0,0,0,0,1,0,0,0,0,0,0,1,0,0,1,0,0,0,0,0,0,0,0,0,0,0,0,0,0,1,0,0,0,0,0,0,0,0,0,0,1,0,0,0,0,0,0,1,0,0,1,0,0,0,0,0,0,0,0,0,0,0,0,0,0,1,0,0,0,0,0,0,0,0,0,0,1,0,0,0,0,0,0
Si_+0,Si,0,0,1,-1,0,1,-1,0,1,1,1,-1,-1,-1,0,1,-1,0,1,1,0,0,0,0,1,0,0,1,0,0,0,0,0,0,0,0,0,0,1,0,0,0,0,0,0,1,0,0,1,0,0,0,0,0,0,0,0,0,0,1,0,0,0,0,0,0,1,0,0,1,0,0,0,0,0,0,0,0,0,0,0,0,0,0,1,0,0,0,0,0,0,0,0,0,0,1,0,0,0,0,0,0,1,0,0,1,0,0,0,0,0,0,0,0,0,0,0,0,0,0,1,0,0,0,0,0,0,0,0,0,0,1,0,0,0,0,0,0
Si_+2,Si,2,0,1,-1,0,1,-1,0,1,1,1,-1,-1,-1,0,1,-1,1,0,0,0,0,0,0,1,0,0,1,0,0,0,0,0,0,0,0,0,0,1,0,0,0,0,0,0,1,0,0,1,0,0,0,0,0,0,0,0,0,0,1,0,0,0,0,0,0,1,0,0,1,0,0,0,0,0,0,0,0,0,0,0,0,0,0,1,0,0,0,0,0,0,0,0,0,0,1,0,0,0,0,0,0,1,0,0,1,0,0,0,0,0,0,0,0,0,0,0,0,0,0,1,0,0,0,0,0,0,0,0,0,0,1,0,0,0,0,0,0
Si_+4,Si,4,0,1,-1,0,1,-1,0,1,1,1,-1,-1,-1,1,0,0,1,0,0,0,0,0,0,1,0,0,1,0,0,0,0,0,0,0,0,0,0,1,0,0,0,0,0,0,1,0,0,1,0,0,0,0,0,0,0,0,0,0,1,0,0,0,0,0,0,1,0,0,1,0,0,0,0,0,0,0,0,0,0,0,0,0,0,1,0,0,0,0,0,0,0,0,0,0,1,0,0,0,0,0,0,1,0,0,1,0,0,0,0,0,0,0,0,0,0,0,0,0,0,1,0,0,0,0,0,0,0,0,0,0,1,0,0,0,0,0,0
Sm_+2,Sm,2,0,1,-1,0,1,-1,0,1,1,1,-1,-1,-1,0,1,-1,0,1,1,1,-1,-1,-1,0,1,-1,0,1,1,1,1,1,-1,-1,-1,-1,-1,0,1,1,1,-1,-1,-1,0,1,-1,0,1,1,1,1,1,-1,-1,-1,-1,-1,0,1,1,1,-1,-1,-1,1,0,0,0,1,1,1,1,1,1,0,0,0,0,0,0,0,0,1,0,0,0,0,0,0,0,0,0,0,1,0,0,0,0,0,0,1,0,0,1,0,0,0,0,0,0,0,0,0,0,0,0,0,0,1,0,0,0,0,0,0,0,0,0,0,1,0,0,0,0,0,0
Sm_+3,Sm,3,0,1,-1,0,1,-1,0,1,1,1,-1,-1,-1,0,1,-1,0,1,1,1,-1,-1,-1,0,1,-1,0,1,1,1,1,1,-1,-1,-1,-1,-1,0,1,1,1,-1,-1,-1,0,1,-1,0,1,1,1,1,1,-1,-1,-1,-1,-1,0,1,1,1,-1,-1,0,1,0,0,0,1,1,1,1,1,1,0,0,0,0,0,0,0,0,1,0,0,0,0,0,0,0,0,0,0,1,0,0,0,0,0,0,1,0,0,1,0,0,0,0,0,0,0,0,0,0,0,0,0,0,1,0,0,0,0,0,0,0,0,0,0,1,0,0,0,0,0,0
Sn_+2,Sn,2,0,1,-1,0,1,-1,0,1,1,1,-1,-1,-1,0,1,-1,0,1,1,1,-1,-1,-1,0,1,-1,0,1,1,1,1,1,-1,-1,-1,-1,-1,0,1,1,1,-1,-1,-1,0,1,-1,0,1,1,1,1,1,-1,-1,-1,-1,-1,1,0,0,0,0,0,0,1,0,0,1,0,0,0,0,0,0,0,0,0,0,0,0,0,0,1,0,0,0,0,0,0,0,0,0,0,1,0,0,0,0,0,0,1,0,0,1,0,0,0,0,0,0,0,0,0,0,0,0,0,0,1,0,0,0,0,0,0,0,0,0,0,1,0,0,0,0,0,0
Sn_+3,Sn,3,0,1,-1,0,1,-1,0,1,1,1,-1,-1,-1,0,1,-1,0,1,1,1,-1,-1,-1,0,1,-1,0,1,1,1,1,1,-1,-1,-1,-1,-1,0,1,1,1,-1,-1,-1,0,1,0,0,1,1,1,1,1,-1,-1,-1,-1,-1,1,0,0,0,0,0,0,1,0,0,1,0,0,0,0,0,0,0,0,0,0,0,0,0,0,1,0,0,0,0,0,0,0,0,0,0,1,0,0,0,0,0,0,1,0,0,1,0,0,0,0,0,0,0,0,0,0,0,0,0,0,1,0,0,0,0,0,0,0,0,0,0,1,0,0,0,0,0,0
Sn_+4,Sn,4,0,1,-1,0,1,-1,0,1,1,1,-1,-1,-1,0,1,-1,0,1,1,1,-1,-1,-1,0,1,-1,0,1,1,1,1,1,-1,-1,-1,-1,-1,0,1,1,1,-1,-1,-1,1,0,0,0,1,1,1,1,1,-1,-1,-1,-1,-1,1,0,0,0,0,0,0,1,0,0,1,0,0,0,0,0,0,0,0,0,0,0,0,0,0,1,0,0,0,0,0,0,0,0,0,0,1,0,0,0,0,0,0,1,0,0,1,0,0,0,0,0,0,0,0,0,0,0,0,0,0,1,0,0,0,0,0,0,0,0,0,0,1,0,0,0,0,0,0
Sr_+2,Sr,2,0,1,-1,0,1,-1,0,1,1,1,-1,-1,-1,0,1,-1,0,1,1,1,-1,-1,-1,0,1,-1,0,1,1,1,1,1,-1,-1,-1,-1,-1,0,1,1,1,-1,-1,-1,1,0,0,1,0,0,0,0,0,0,0,0,0,0,1,0,0,0,0,0,0,1,0,0,1,0,0,0,0,0,0,0,0,0,0,0,0,0,0,1,0,0,0,0,0,0,0,0,0,0,1,0,0,0,0,0,0,1,0,0,1,0,0,0,0,0,0,0,0,0,0,0,0,0,0,1,0,0,0,0,0,0,0,0,0,0,1,0,0,0,0,0,0
Ta_+3,Ta,3,0,1,-1,0,1,-1,0,1,1,1,-1,-1,-1,0,1,-1,0,1,1,1,-1,-1,-1,0,1,-1,0,1,1,1,1,1,-1,-1,-1,-1,-1,0,1,1,1,-1,-1,-1,0,1,-1,0,1,1,1,1,1,-1,-1,-1,-1,-1,0,1,1,1,-1,-1,-1,1,0,0,0,1,1,1,1,1,1,1,-1,-1,-1,-1,-1,-1,-1,0,1,1,0,0,0,0,0,0,0,0,1,0,0,0,0,0,0,1,0,0,1,0,0,0,0,0,0,0,0,0,0,0,0,0,0,1,0,0,0,0,0,0,0,0,0,0,1,0,0,0,0,0,0
Ta_+4,Ta,4,0,1,-1,0,1,-1,0,1,1,1,-1,-1,-1,0,1,-1,0,1,1,1,-1,-1,-1,0,1,-1,0,1,1,1,1,1,-1,-1,-1,-1,-1,0,1,1,1,-1,-1,-1,0,1,-1,0,1,1,1,1,1,-1,-1,-1,-1,-1,0,1,1,1,-1,-1,-1,1,0,0,0,1,1,1,1,1,1,1,-1,-1,-1,-1,-1,-1,-1,0,1,0,0,0,0,0,0,0,0,0,1,0,0,0,0,0,0,1,0,0,1,0,0,0,0,0,0,0,0,0,0,0,0,0,0,1,0,0,0,0,0,0,0,0,0,0,1,0,0,0,0,0,0
Ta_+5,Ta,5,0,1,-1,0,1,-1,0,1,1,1,-1,-1,-1,0,1,-1,0,1,1,1,-1,-1,-1,0,1,-1,0,1,1,1,1,1,-1,-1,-1,-1,-1,0,1,1,1,-1,-1,-1,0,1,-1,0,1,1,1,1,1,-1,-1,-1,-1,-1,0,1,1,1,-1,-1,-1,1,0,0,0,1,1,1,1,1,1,1,-1,-1,-1,-1,-1,-1,-1,1,0,0,0,0,0,0,0,0,0,0,1,0,0,0,0,0,0,1,0,0,1,0,0,0,0,0,0,0,0,0,0,0,0,0,0,1,0,0,0,0,0,0,0,0,0,0,1,0,0,0,0,0,0
Tb_+3,Tb,3,0,1,-1,0,1,-1,0,1,1,1,-1,-1,-1,0,1,-1,0,1,1,1,-1,-1,-1,0,1,-1,0,1,1,1,1,1,-1,-1,-1,-1,-1,0,1,1,1,-1,-1,-1,0,1,-1,0,1,1,1,1,1,-1,-1,-1,-1,-1,0,1,1,1,-1,-1,0,1,0,0,0,1,1,1,1,1,1,1,-1,-1,0,0,0,0,0,1,0,0,0,0,0,0,0,0,0,0,1,0,0,0,0,0,0,1,0,0,1,0,0,0,0,0,0,0,0,0,0,0,0,0,0,1,0,0,0,0,0,0,0,0,0,0,1,0,0,0,0,0,0
Tb_+4,Tb,4,0,1,-1,0,1,-1,0,1,1,1,-1,-1,-1,0,1,-1,0,1,1,1,-1,-1,-1,0,1,-1,0,1,1,1,1,1,-1,-1,-1,-1,-1,0,1,1,1,-1,-1,-1,0,1,-1,0,1,1,1,1,1,-1,-1,-1,-1,-1,0,1,1,1,-1,0,0,1,0,0,0,1,1,1,1,1,1,1,-1,-1,0,0,0,0,0,1,0,0,0,0,0,0,0,0,0,0,1,0,0,0,0,0,0,1,0,0,1,0,0,0,0,0,0,0,0,0,0,0,0,0,0,1,0,0,0,0,0,0,0,0,0,0,1,0,0,0,0,0,0
Tc_-3,Tc,-3,0,1,-1,0,1,-1,0,1,1,1,-1,-1,-1,0,1,-1,0,1,1,1,-1,-1,-1,0,1,-1,0,1,1,1,1,1,-1,-1,-1,-1,-1,0,1,1,1,-1,-1,-1,0,1,-1,0,1,1,1,1,1,-1,-1,-1,0,0,1,0,0,0,0,0,0,1,0,0,1,0,0,0,0,0,0,0,0,0,0,0,0,0,0,1,0,0,0,0,0,0,0,0,0,0,1,0,0,0,0,0,0,1,0,0,1,0,0,0,0,0,0,0,0,0,0,0,0,0,0,1,0,0,0,0,0,0,0,0,0,0,1,0,0,0,0,0,0
Tc_-2,Tc,-2,0,1,-1,0,1,-1,0,1,1,1,-1,-1,-1,0,1,-1,0,1,1,1,-1,-1,-1,0,1,-1,0,1,1,1,1,1,-1,-1,-1,-1,-1,0,1,1,1,-1,-1,-1,0,1,-1,0,1,1,1,1,1,-1,-1,0,0,0,1,0,0,0,0,0,0,1,0,0,1,0,0,0,0,0,0,0,0,0,0,0,0,0,0,1,0,0,0,0,0,0,0,0,0,0,1,0,0,0,0,0,0,1,0,0,1,0,0,0,0,0,0,0,0,0,0,0,0,0,0,1,0,0,0,0,0,0,0,0,0,0,1,0,0,0,0,0,0
Tc_-1,Tc,-1,0,1,-1,0,1,-1,0,1,1,1,-1,-1,-1,0,1,-1,0,1,1,1,-1,-1,-1,0,1,-1,0,1,1,1,1,1,-1,-1,-1,-1,-1,0,1,1,1,-1,-1,-1,0,1,-1,0,1,1,1,1,1,-1,0,0,0,0,1,0,0,0,0,0,0,1,0,0,1,0,0,0,0,0,0,0,0,0,0,0,0,0,0,1,0,0,0,0,0,0,0,0,0,0,1,0,0,0,0,0,0,1,0,0,1,0,0,0,0,0,0,0,0,0,0,0,0,0,0,1,0,0,0,0,0,0,0,0,0,0,1,0,0,0,0,0,0
Tc_+0,Tc,0,0,1,-1,0,1,-1,0,1,1,1,-1,-1,-1,0,1,-1,0,1,1,1,-1,-1,-1,0,1,-1,0,1,1,1,1,1,-1,-1,-1,-1,-1,0,1,1,1,-1,-1,-1,0,1,-1,0,1,1,1,1,1,0,0,0,0,0,1,0,0,0,0,0,0,1,0,0,1,0,0,0,0,0,0,0,0,0,0,0,0,0,0,1,0,0,0,0,0,0,0,0,0,0,1,0,0,0,0,0,0,1,0,0,1,0,0,0,0,0,0,0,0,0,0,0,0,0,0,1,0,0,0,0,0,0,0,0,0,0,1,0,0,0,0,0,0
Tc_+1,Tc,1,0,1,-1,0,1,-1,0,1,1,1,-1,-1,-1,0,1,-1,0,1,1,1,-1,-1,-1,0,1,-1,0,1,1,1,1,1,-1,-1,-1,-1,-1,0,1,1,1,-1,-1,-1,0,1,0,0,1,1,1,1,1,0,0,0,0,0,1,0,0,0,0,0,0,1,0,0,1,0,0,0,0,0,0,0,0,0,0,0,0,0,0,1,0,0,0,0,0,0,0,0,0,0,1,0,0,0,0,0,0,1,0,0,1,0,0,0,0,0,0,0,0,0,0,0,0,0,0,1,0,0,0,0,0,0,0,0,0,0,1,0,0,0,0,0,0
Tc_+2,Tc,2,0,1,-1,0,1,-1,0,1,1,1,-1,-1,-1,0,1,-1,0,1,1,1,-1,-1,-1,0,1,-1,0,1,1,1,1,1,-1,-1,-1,-1,-1,0,1,1,1,-1,-1,-1,1,0,0,0,1,1,1,1,1,0,0,0,0,0,1,0,0,0,0,0,0,1,0,0,1,0,0,0,0,0,0,0,0,0,0,0,0,0,0,1,0,0,0,0,0,0,0,0,0,0,1,0,0,0,0,0,0,1,0,0,1,0,0,0,0,0,0,0,0,0,0,0,0,0,0,1,0,0,0,0,0,0,0,0,0,0,1,0,0,0,0,0,0
Tc_+3,Tc,3,0,1,-1,0,1,-1,0,1,1,1,-1,-1,-1,0,1,-1,0,1,1,1,-1,-1,-1,0,1,-1,0,1,1,1,1,1,-1,-1,-1,-1,-1,0,1,1,1,-1,-1,-1,1,0,0,0,1,1,1,1,0,0,0,0,0,0,1,0,0,0,0,0,0,1,0,0,1,0,0,0,0,0,0,0,0,0,0,0,0,0,0,1,0,0,0,0,0,0,0,0,0,0,1,0,0,0,0,0,0,1,0,0,1,0,0,0,0,0,0,0,0,0,0,0,0,0,0,1,0,0,0,0,0,0,0,0,0,0,1,0,0,0,0,0,0
Tc_+4,Tc,4,0,1,-1,0,1,-1,0,1,1,1,-1,-1,-1,0,1,-1,0,1,1,1,-1,-1,-1,0,1,-1,0,1,1,1,1,1,-1,-1,-1,-1,-1,0,1,1,1,-1,-1,-1,1,0,0,0,1,1,1,0,0,0,0,0,0,0,1,0,0,0,0,0,0,1,0,0,1,0,0,0,0,0,0,0,0,0,0,0,0,0,0,1,0,0,0,0,0,0,0,0,0,0,1,0,0,0,0,0,0,1,0,0,1,0,0,0,0,0,0,0,0,0,0,0,0,0,0,1,0,0,0,0,0,0,0,0,0,0,1,0,0,0,0,0,0
Tc_+5,Tc,5,0,1,-1,0,1,-1,0,1,1,1,-1,-1,-1,0,1,-1,0,1,1,1,-1,-1,-1,0,1,-1,0,1,1,1,1,1,-1,-1,-1,-1,-1,0,1,1,1,-1,-1,-1,1,0,0,0,1,1,0,0,0,0,0,0,0,0,1,0,0,0,0,0,0,1,0,0,1,0,0,0,0,0,0,0,0,0,0,0,0,0,0,1,0,0,0,0,0,0,0,0,0,0,1,0,0,0,0,0,0,1,0,0,1,0,0,0,0,0,0,0,0,0,0,0,0,0,0,1,0,0,0,0,0,0,0,0,0,0,1,0,0,0,0,0,0
Tc_+6,Tc,6,0,1,-1,0,1,-1,0,1,1,1,-1,-1,-1,0,1,-1,0,1,1,1,-1,-1,-1,0,1,-1,0,1,1,1,1,1,-1,-1,-1,-1,-1,0,1,1,1,-1,-1,-1,1,0,0,0,1,0,0,0,0,0,0,0,0,0,1,0,0,0,0,0,0,1,0,0,1,0,0,0,0,0,0,0,0,0,0,0,0,0,0,1,0,0,0,0,0,0,0,0,0,0,1,0,0,0,0,0,0,1,0,0,1,0,0,0,0,0,0,0,0,0,0,0,0,0,0,1,0,0,0,0,0,0,0,0,0,0,1,0,0,0,0,0,0
Tc_+7,Tc,7,0,1,-1,0,1,-1,0,1,1,1,-1,-1,-1,0,1,-1,0,1,1,1,-1,-1,-1,0,1,-1,0,1,1,1,1,1,-1,-1,-1,-1,-1,0,1,1,1,-1,-1,-1,1,0,0,1,0,0,0,0,0,0,0,0,0,0,1,0,0,0,0,0,0,1,0,0,1,0,0,0,0,0,0,0,0,0,0,0,0,0,0,1,0,0,0,0,0,0,0,0,0,0,1,0,0,0,0,0,0,1,0,0,1,0,0,0,0,0,0,0,0,0,0,0,0,0,0,1,0,0,0,0,0,0,0,0,0,0,1,0,0,0,0,0,0
Te_-2,Te,-2,0,1,-1,0,1,-1,0,1,1,1,-1,-1,-1,0,1,-1,0,1,1,1,-1,-1,-1,0,1,-1,0,1,1,1,1,1,-1,-1,-1,-1,-1,0,1,1,1,-1,-1,-1,0,1,-1,0,1,1,1,1,1,-1,-1,-1,-1,-1,0,1,1,1,-1,-1,-1,1,0,0,1,0,0,0,0,0,0,0,0,0,0,0,0,0,0,1,0,0,0,0,0,0,0,0,0,0,1,0,0,0,0,0,0,1,0,0,1,0,0,0,0,0,0,0,0,0,0,0,0,0,0,1,0,0,0,0,0,0,0,0,0,0,1,0,0,0,0,0,0
Te_-1,Te,-1,0,1,-1,0,1,-1,0,1,1,1,-1,-1,-1,0,1,-1,0,1,1,1,-1,-1,-1,0,1,-1,0,1,1,1,1,1,-1,-1,-1,-1,-1,0,1,1,1,-1,-1,-1,0,1,-1,0,1,1,1,1,1,-1,-1,-1,-1,-1,0,1,1,1,-1,-1,0,1,0,0,1,0,0,0,0,0,0,0,0,0,0,0,0,0,0,1,0,0,0,0,0,0,0,0,0,0,1,0,0,0,0,0,0,1,0,0,1,0,0,0,0,0,0,0,0,0,0,0,0,0,0,1,0,0,0,0,0,0,0,0,0,0,1,0,0,0,0,0,0
Te_+0,Te,0,0,1,-1,0,1,-1,0,1,1,1,-1,-1,-1,0,1,-1,0,1,1,1,-1,-1,-1,0,1,-1,0,1,1,1,1,1,-1,-1,-1,-1,-1,0,1,1,1,-1,-1,-1,0,1,-1,0,1,1,1,1,1,-1,-1,-1,-1,-1,0,1,1,1,-1,0,0,1,0,0,1,0,0,0,0,0,0,0,0,0,0,0,0,0,0,1,0,0,0,0,0,0,0,0,0,0,1,0,0,0,0,0,0,1,0,0,1,0,0,0,0,0,0,0,0,0,0,0,0,0,0,1,0,0,0,0,0,0,0,0,0,0,1,0,0,0,0,0,0
Te_+1,Te,1,0,1,-1,0,1,-1,0,1,1,1,-1,-1,-1,0,1,-1,0,1,1,1,-1,-1,-1,0,1,-1,0,1,1,1,1,1,-1,-1,-1,-1,-1,0,1,1,1,-1,-1,-1,0,1,-1,0,1,1,1,1,1,-1,-1,-1,-1,-1,0,1,1,1,0,0,0,1,0,0,1,0,0,0,0,0,0,0,0,0,0,0,0,0,0,1,0,0,0,0,0,0,0,0,0,0,1,0,0,0,0,0,0,1,0,0,1,0,0,0,0,0,0,0,0,0,0,0,0,0,0,1,0,0,0,0,0,0,0,0,0,0,1,0,0,0,0,0,0
Te_+2,Te,2,0,1,-1,0,1,-1,0,1,1,1,-1,-1,-1,0,1,-1,0,1,1,1,-1,-1,-1,0,1,-1,0,1,1,1,1,1,-1,-1,-1,-1,-1,0,1,1,1,-1,-1,-1,0,1,-1,0,1,1,1,1,1,-1,-1,-1,-1,-1,0,1,1,0,0,0,0,1,0,0,1,0,0,0,0,0,0,0,0,0,0,0,0,0,0,1,0,0,0,0,0,0,0,0,0,0,1,0,0,0,0,0,0,1,0,0,1,0,0,0,0,0,0,0,0,0,0,0,0,0,0,1,0,0,0,0,0,0,0,0,0,0,1,0,0,0,0,0,0
Te_+3,Te,3,0,1,-1,0,1,-1,0,1,1,1,-1,-1,-1,0,1,-1,0,1,1,1,-1,-1,-1,0,1,-1,0,1,1,1,1,1,-1,-1,-1,-1,-1,0,1,1,1,-1,-1,-1,0,1,-1,0,1,1,1,1,1,-1,-1,-1,-1,-1,0,1,0,0,0,0,0,1,0,0,1,0,0,0,0,0,0,0,0,0,0,0,0,0,0,1,0,0,0,0,0,0,0,0,0,0,1,0,0,0,0,0,0,1,0,0,1,0,0,0,0,0,0,0,0,0,0,0,0,0,0,1,0,0,0,0,0,0,0,0,0,0,1,0,0,0,0,0,0
Te_+4,Te,4,0,1,-1,0,1,-1,0,1,1,1,-1,-1,-1,0,1,-1,0,1,1,1,-1,-1,-1,0,1,-1,0,1,1,1,1,1,-1,-1,-1,-1,-1,0,1,1,1,-1,-1,-1,0,1,-1,0,1,1,1,1,1,-1,-1,-1,-1,-1,1,0,0,0,0,0,0,1,0,0,1,0,0,0,0,0,0,0,0,0,0,0,0,0,0,1,0,0,0,0,0,0,0,0,0,0,1,0,0,0,0,0,0,1,0,0,1,0,0,0,0,0,0,0,0,0,0,0,0,0,0,1,0,0,0,0,0,0,0,0,0,0,1,0,0,0,0,0,0
Te_+5,Te,5,0,1,-1,0,1,-1,0,1,1,1,-1,-1,-1,0,1,-1,0,1,1,1,-1,-1,-1,0,1,-1,0,1,1,1,1,1,-1,-1,-1,-1,-1,0,1,1,1,-1,-1,-1,0,1,0,0,1,1,1,1,1,-1,-1,-1,-1,-1,1,0,0,0,0,0,0,1,0,0,1,0,0,0,0,0,0,0,0,0,0,0,0,0,0,1,0,0,0,0,0,0,0,0,0,0,1,0,0,0,0,0,0,1,0,0,1,0,0,0,0,0,0,0,0,0,0,0,0,0,0,1,0,0,0,0,0,0,0,0,0,0,1,0,0,0,0,0,0
Te_+6,Te,6,0,1,-1,0,1,-1,0,1,1,1,-1,-1,-1,0,1,-1,0,1,1,1,-1,-1,-1,0,1,-1,0,1,1,1,1,1,-1,-1,-1,-1,-1,0,1,1,1,-1,-1,-1,1,0,0,0,1,1,1,1,1,-1,-1,-1,-1,-1,1,0,0,0,0,0,0,1,0,0,1,0,0,0,0,0,0,0,0,0,0,0,0,0,0,1,0,0,0,0,0,0,0,0,0,0,1,0,0,0,0,0,0,1,0,0,1,0,0,0,0,0,0,0,0,0,0,0,0,0,0,1,0,0,0,0,0,0,0,0,0,0,1,0,0,0,0,0,0
Th_+4,Th,4,0,1,-1,0,1,-1,0,1,1,1,-1,-1,-1,0,1,-1,0,1,1,1,-1,-1,-1,0,1,-1,0,1,1,1,1,1,-1,-1,-1,-1,-1,0,1,1,1,-1,-1,-1,0,1,-1,0,1,1,1,1,1,-1,-1,-1,-1,-1,0,1,1,1,-1,-1,-1,0,1,-1,0,1,1,1,1,1,1,1,-1,-1,-1,-1,-1,-1,-1,0,1,1,1,1,1,-1,-1,-1,-1,-1,0,1,1,1,-1,-1,-1,1,0,0,1,0,0,0,0,0,0,0,0,0,0,0,0,0,0,1,0,0,0,0,0,0,0,0,0,0,1,0,0,0,0,0,0
Ti_+2,Ti,2,0,1,-1,0,1,-1,0,1,1,1,-1,-1,-1,0,1,-1,0,1,1,1,-1,-1,-1,1,0,0,0,1,1,0,0,0,0,0,0,0,0,1,0,0,0,0,0,0,1,0,0,1,0,0,0,0,0,0,0,0,0,0,1,0,0,0,0,0,0,1,0,0,1,0,0,0,0,0,0,0,0,0,0,0,0,0,0,1,0,0,0,0,0,0,0,0,0,0,1,0,0,0,0,0,0,1,0,0,1,0,0,0,0,0,0,0,0,0,0,0,0,0,0,1,0,0,0,0,0,0,0,0,0,0,1,0,0,0,0,0,0
Ti_+3,Ti,3,0,1,-1,0,1,-1,0,1,1,1,-1,-1,-1,0,1,-1,0,1,1,1,-1,-1,-1,1,0,0,0,1,0,0,0,0,0,0,0,0,0,1,0,0,0,0,0,0,1,0,0,1,0,0,0,0,0,0,0,0,0,0,1,0,0,0,0,0,0,1,0,0,1,0,0,0,0,0,0,0,0,0,0,0,0,0,0,1,0,0,0,0,0,0,0,0,0,0,1,0,0,0,0,0,0,1,0,0,1,0,0,0,0,0,0,0,0,0,0,0,0,0,0,1,0,0,0,0,0,0,0,0,0,0,1,0,0,0,0,0,0
Ti_+4,Ti,4,0,1,-1,0,1,-1,0,1,1,1,-1,-1,-1,0,1,-1,0,1,1,1,-1,-1,-1,1,0,0,1,0,0,0,0,0,0,0,0,0,0,1,0,0,0,0,0,0,1,0,0,1,0,0,0,0,0,0,0,0,0,0,1,0,0,0,0,0,0,1,0,0,1,0,0,0,0,0,0,0,0,0,0,0,0,0,0,1,0,0,0,0,0,0,0,0,0,0,1,0,0,0,0,0,0,1,0,0,1,0,0,0,0,0,0,0,0,0,0,0,0,0,0,1,0,0,0,0,0,0,0,0,0,0,1,0,0,0,0,0,0
Tl_+1,Tl,1,0,1,-1,0,1,-1,0,1,1,1,-1,-1,-1,0,1,-1,0,1,1,1,-1,-1,-1,0,1,-1,0,1,1,1,1,1,-1,-1,-1,-1,-1,0,1,1,1,-1,-1,-1,0,1,-1,0,1,1,1,1,1,-1,-1,-1,-1,-1,0,1,1,1,-1,-1,-1,0,1,-1,0,1,1,1,1,1,1,1,-1,-1,-1,-1,-1,-1,-1,0,1,1,1,1,1,-1,-1,-1,-1,-1,1,0,0,0,0,0,0,1,0,0,1,0,0,0,0,0,0,0,0,0,0,0,0,0,0,1,0,0,0,0,0,0,0,0,0,0,1,0,0,0,0,0,0
Tl_+2,Tl,2,0,1,-1,0,1,-1,0,1,1,1,-1,-1,-1,0,1,-1,0,1,1,1,-1,-1,-1,0,1,-1,0,1,1,1,1,1,-1,-1,-1,-1,-1,0,1,1,1,-1,-1,-1,0,1,-1,0,1,1,1,1,1,-1,-1,-1,-1,-1,0,1,1,1,-1,-1,-1,0,1,0,0,1,1,1,1,1,1,1,-1,-1,-1,-1,-1,-1,-1,0,1,1,1,1,1,-1,-1,-1,-1,-1,1,0,0,0,0,0,0,1,0,0,1,0,0,0,0,0,0,0,0,0,0,0,0,0,0,1,0,0,0,0,0,0,0,0,0,0,1,0,0,0,0,0,0
Tl_+3,Tl,3,0,1,-1,0,1,-1,0,1,1,1,-1,-1,-1,0,1,-1,0,1,1,1,-1,-1,-1,0,1,-1,0,1,1,1,1,1,-1,-1,-1,-1,-1,0,1,1,1,-1,-1,-1,0,1,-1,0,1,1,1,1,1,-1,-1,-1,-1,-1,0,1,1,1,-1,-1,-1,1,0,0,0,1,1,1,1,1,1,1,-1,-1,-1,-1,-1,-1,-1,0,1,1,1,1,1,-1,-1,-1,-1,-1,1,0,0,0,0,0,0,1,0,0,1,0,0,0,0,0,0,0,0,0,0,0,0,0,0,1,0,0,0,0,0,0,0,0,0,0,1,0,0,0,0,0,0
Tm_+3,Tm,3,0,1,-1,0,1,-1,0,1,1,1,-1,-1,-1,0,1,-1,0,1,1,1,-1,-1,-1,0,1,-1,0,1,1,1,1,1,-1,-1,-1,-1,-1,0,1,1,1,-1,-1,-1,0,1,-1,0,1,1,1,1,1,-1,-1,-1,-1,-1,0,1,1,1,-1,-1,0,1,0,0,0,1,1,1,1,1,1,1,-1,-1,-1,-1,-1,-1,0,1,0,0,0,0,0,0,0,0,0,0,1,0,0,0,0,0,0,1,0,0,1,0,0,0,0,0,0,0,0,0,0,0,0,0,0,1,0,0,0,0,0,0,0,0,0,0,1,0,0,0,0,0,0
U_+3,U,3,0,1,-1,0,1,-1,0,1,1,1,-1,-1,-1,0,1,-1,0,1,1,1,-1,-1,-1,0,1,-1,0,1,1,1,1,1,-1,-1,-1,-1,-1,0,1,1,1,-1,-1,-1,0,1,-1,0,1,1,1,1,1,-1,-1,-1,-1,-1,0,1,1,1,-1,-1,-1,0,1,-1,0,1,1,1,1,1,1,1,-1,-1,-1,-1,-1,-1,-1,0,1,1,1,1,1,-1,-1,-1,-1,-1,0,1,1,1,-1,-1,-1,1,0,0,0,1,1,1,0,0,0,0,0,0,0,0,0,0,0,1,0,0,0,0,0,0,0,0,0,0,1,0,0,0,0,0,0
U_+4,U,4,0,1,-1,0,1,-1,0,1,1,1,-1,-1,-1,0,1,-1,0,1,1,1,-1,-1,-1,0,1,-1,0,1,1,1,1,1,-1,-1,-1,-1,-1,0,1,1,1,-1,-1,-1,0,1,-1,0,1,1,1,1,1,-1,-1,-1,-1,-1,0,1,1,1,-1,-1,-1,0,1,-1,0,1,1,1,1,1,1,1,-1,-1,-1,-1,-1,-1,-1,0,1,1,1,1,1,-1,-1,-1,-1,-1,0,1,1,1,-1,-1,0,1,0,0,0,1,1,1,0,0,0,0,0,0,0,0,0,0,0,1,0,0,0,0,0,0,0,0,0,0,1,0,0,0,0,0,0
U_+5,U,5,0,1,-1,0,1,-1,0,1,1,1,-1,-1,-1,0,1,-1,0,1,1,1,-1,-1,-1,0,1,-1,0,1,1,1,1,1,-1,-1,-1,-1,-1,0,1,1,1,-1,-1,-1,0,1,-1,0,1,1,1,1,1,-1,-1,-1,-1,-1,0,1,1,1,-1,-1,-1,0,1,-1,0,1,1,1,1,1,1,1,-1,-1,-1,-1,-1,-1,-1,0,1,1,1,1,1,-1,-1,-1,-1,-1,0,1,1,1,-1,0,0,1,0,0,0,1,1,1,0,0,0,0,0,0,0,0,0,0,0,1,0,0,0,0,0,0,0,0,0,0,1,0,0,0,0,0,0
U_+6,U,6,0,1,-1,0,1,-1,0,1,1,1,-1,-1,-1,0,1,-1,0,1,1,1,-1,-1,-1,0,1,-1,0,1,1,1,1,1,-1,-1,-1,-1,-1,0,1,1,1,-1,-1,-1,0,1,-1,0,1,1,1,1,1,-1,-1,-1,-1,-1,0,1,1,1,-1,-1,-1,0,1,-1,0,1,1,1,1,1,1,1,-1,-1,-1,-1,-1,-1,-1,0,1,1,1,1,1,-1,-1,-1,-1,-1,0,1,1,1,0,0,0,1,0,0,0,1,1,1,0,0,0,0,0,0,0,0,0,0,0,1,0,0,0,0,0,0,0,0,0,0,1,0,0,0,0,0,0
V_+2,V,2,0,1,-1,0,1,-1,0,1,1,1,-1,-1,-1,0,1,-1,0,1,1,1,-1,-1,-1,1,0,0,0,1,1,1,0,0,0,0,0,0,0,1,0,0,0,0,0,0,1,0,0,1,0,0,0,0,0,0,0,0,0,0,1,0,0,0,0,0,0,1,0,0,1,0,0,0,0,0,0,0,0,0,0,0,0,0,0,1,0,0,0,0,0,0,0,0,0,0,1,0,0,0,0,0,0,1,0,0,1,0,0,0,0,0,0,0,0,0,0,0,0,0,0,1,0,0,0,0,0,0,0,0,0,0,1,0,0,0,0,0,0
V_+3,V,3,0,1,-1,0,1,-1,0,1,1,1,-1,-1,-1,0,1,-1,0,1,1,1,-1,-1,-1,1,0,0,0,1,1,0,0,0,0,0,0,0,0,1,0,0,0,0,0,0,1,0,0,1,0,0,0,0,0,0,0,0,0,0,1,0,0,0,0,0,0,1,0,0,1,0,0,0,0,0,0,0,0,0,0,0,0,0,0,1,0,0,0,0,0,0,0,0,0,0,1,0,0,0,0,0,0,1,0,0,1,0,0,0,0,0,0,0,0,0,0,0,0,0,0,1,0,0,0,0,0,0,0,0,0,0,1,0,0,0,0,0,0
V_+4,V,4,0,1,-1,0,1,-1,0,1,1,1,-1,-1,-1,0,1,-1,0,1,1,1,-1,-1,-1,1,0,0,0,1,0,0,0,0,0,0,0,0,0,1,0,0,0,0,0,0,1,0,0,1,0,0,0,0,0,0,0,0,0,0,1,0,0,0,0,0,0,1,0,0,1,0,0,0,0,0,0,0,0,0,0,0,0,0,0,1,0,0,0,0,0,0,0,0,0,0,1,0,0,0,0,0,0,1,0,0,1,0,0,0,0,0,0,0,0,0,0,0,0,0,0,1,0,0,0,0,0,0,0,0,0,0,1,0,0,0,0,0,0
V_+5,V,5,0,1,-1,0,1,-1,0,1,1,1,-1,-1,-1,0,1,-1,0,1,1,1,-1,-1,-1,1,0,0,1,0,0,0,0,0,0,0,0,0,0,1,0,0,0,0,0,0,1,0,0,1,0,0,0,0,0,0,0,0,0,0,1,0,0,0,0,0,0,1,0,0,1,0,0,0,0,0,0,0,0,0,0,0,0,0,0,1,0,0,0,0,0,0,0,0,0,0,1,0,0,0,0,0,0,1,0,0,1,0,0,0,0,0,0,0,0,0,0,0,0,0,0,1,0,0,0,0,0,0,0,0,0,0,1,0,0,0,0,0,0
W_+2,W,2,0,1,-1,0,1,-1,0,1,1,1,-1,-1,-1,0,1,-1,0,1,1,1,-1,-1,-1,0,1,-1,0,1,1,1,1,1,-1,-1,-1,-1,-1,0,1,1,1,-1,-1,-1,0,1,-1,0,1,1,1,1,1,-1,-1,-1,-1,-1,0,1,1,1,-1,-1,-1,1,0,0,0,1,1,1,1,1,1,1,-1,-1,-1,-1,-1,-1,-1,0,1,1,1,1,0,0,0,0,0,0,1,0,0,0,0,0,0,1,0,0,1,0,0,0,0,0,0,0,0,0,0,0,0,0,0,1,0,0,0,0,0,0,0,0,0,0,1,0,0,0,0,0,0
W_+3,W,3,0,1,-1,0,1,-1,0,1,1,1,-1,-1,-1,0,1,-1,0,1,1,1,-1,-1,-1,0,1,-1,0,1,1,1,1,1,-1,-1,-1,-1,-1,0,1,1,1,-1,-1,-1,0,1,-1,0,1,1,1,1,1,-1,-1,-1,-1,-1,0,1,1,1,-1,-1,-1,1,0,0,0,1,1,1,1,1,1,1,-1,-1,-1,-1,-1,-1,-1,0,1,1,1,0,0,0,0,0,0,0,1,0,0,0,0,0,0,1,0,0,1,0,0,0,0,0,0,0,0,0,0,0,0,0,0,1,0,0,0,0,0,0,0,0,0,0,1,0,0,0,0,0,0
W_+4,W,4,0,1,-1,0,1,-1,0,1,1,1,-1,-1,-1,0,1,-1,0,1,1,1,-1,-1,-1,0,1,-1,0,1,1,1,1,1,-1,-1,-1,-1,-1,0,1,1,1,-1,-1,-1,0,1,-1,0,1,1,1,1,1,-1,-1,-1,-1,-1,0,1,1,1,-1,-1,-1,1,0,0,0,1,1,1,1,1,1,1,-1,-1,-1,-1,-1,-1,-1,0,1,1,0,0,0,0,0,0,0,0,1,0,0,0,0,0,0,1,0,0,1,0,0,0,0,0,0,0,0,0,0,0,0,0,0,1,0,0,0,0,0,0,0,0,0,0,1,0,0,0,0,0,0
W_+5,W,5,0,1,-1,0,1,-1,0,1,1,1,-1,-1,-1,0,1,-1,0,1,1,1,-1,-1,-1,0,1,-1,0,1,1,1,1,1,-1,-1,-1,-1,-1,0,1,1,1,-1,-1,-1,0,1,-1,0,1,1,1,1,1,-1,-1,-1,-1,-1,0,1,1,1,-1,-1,-1,1,0,0,0,1,1,1,1,1,1,1,-1,-1,-1,-1,-1,-1,-1,0,1,0,0,0,0,0,0,0,0,0,1,0,0,0,0,0,0,1,0,0,1,0,0,0,0,0,0,0,0,0,0,0,0,0,0,1,0,0,0,0,0,0,0,0,0,0,1,0,0,0,0,0,0
W_+6,W,6,0,1,-1,0,1,-1,0,1,1,1,-1,-1,-1,0,1,-1,0,1,1,1,-1,-1,-1,0,1,-1,0,1,1,1,1,1,-1,-1,-1,-1,-1,0,1,1,1,-1,-1,-1,0,1,-1,0,1,1,1,1,1,-1,-1,-1,-1,-1,0,1,1,1,-1,-1,-1,1,0,0,0,1,1,1,1,1,1,1,-1,-1,-1,-1,-1,-1,-1,1,0,0,0,0,0,0,0,0,0,0,1,0,0,0,0,0,0,1,0,0,1,0,0,0,0,0,0,0,0,0,0,0,0,0,0,1,0,0,0,0,0,0,0,0,0,0,1,0,0,0,0,0,0
Y_+3,Y,3,0,1,-1,0,1,-1,0,1,1,1,-1,-1,-1,0,1,-1,0,1,1,1,-1,-1,-1,0,1,-1,0,1,1,1,1,1,-1,-1,-1,-1,-1,0,1,1,1,-1,-1,-1,1,0,0,1,0,0,0,0,0,0,0,0,0,0,1,0,0,0,0,0,0,1,0,0,1,0,0,0,0,0,0,0,0,0,0,0,0,0,0,1,0,0,0,0,0,0,0,0,0,0,1,0,0,0,0,0,0,1,0,0,1,0,0,0,0,0,0,0,0,0,0,0,0,0,0,1,0,0,0,0,0,0,0,0,0,0,1,0,0,0,0,0,0
Yb_+2,Yb,2,0,1,-1,0,1,-1,0,1,1,1,-1,-1,-1,0,1,-1,0,1,1,1,-1,-1,-1,0,1,-1,0,1,1,1,1,1,-1,-1,-1,-1,-1,0,1,1,1,-1,-1,-1,0,1,-1,0,1,1,1,1,1,-1,-1,-1,-1,-1,0,1,1,1,-1,-1,-1,1,0,0,0,1,1,1,1,1,1,1,-1,-1,-1,-1,-1,-1,-1,1,0,0,0,0,0,0,0,0,0,0,1,0,0,0,0,0,0,1,0,0,1,0,0,0,0,0,0,0,0,0,0,0,0,0,0,1,0,0,0,0,0,0,0,0,0,0,1,0,0,0,0,0,0
Yb_+3,Yb,3,0,1,-1,0,1,-1,0,1,1,1,-1,-1,-1,0,1,-1,0,1,1,1,-1,-1,-1,0,1,-1,0,1,1,1,1,1,-1,-1,-1,-1,-1,0,1,1,1,-1,-1,-1,0,1,-1,0,1,1,1,1,1,-1,-1,-1,-1,-1,0,1,1,1,-1,-1,0,1,0,0,0,1,1,1,1,1,1,1,-1,-1,-1,-1,-1,-1,-1,1,0,0,0,0,0,0,0,0,0,0,1,0,0,0,0,0,0,1,0,0,1,0,0,0,0,0,0,0,0,0,0,0,0,0,0,1,0,0,0,0,0,0,0,0,0,0,1,0,0,0,0,0,0
Zn_+2,Zn,2,0,1,-1,0,1,-1,0,1,1,1,-1,-1,-1,0,1,-1,0,1,1,1,-1,-1,-1,1,0,0,0,1,1,1,1,1,-1,-1,-1,-1,-1,1,0,0,0,0,0,0,1,0,0,1,0,0,0,0,0,0,0,0,0,0,1,0,0,0,0,0,0,1,0,0,1,0,0,0,0,0,0,0,0,0,0,0,0,0,0,1,0,0,0,0,0,0,0,0,0,0,1,0,0,0,0,0,0,1,0,0,1,0,0,0,0,0,0,0,0,0,0,0,0,0,0,1,0,0,0,0,0,0,0,0,0,0,1,0,0,0,0,0,0
Zr_+2,Zr,2,0,1,-1,0,1,-1,0,1,1,1,-1,-1,-1,0,1,-1,0,1,1,1,-1,-1,-1,0,1,-1,0,1,1,1,1,1,-1,-1,-1,-1,-1,0,1,1,1,-1,-1,-1,1,0,0,0,1,1,0,0,0,0,0,0,0,0,1,0,0,0,0,0,0,1,0,0,1,0,0,0,0,0,0,0,0,0,0,0,0,0,0,1,0,0,0,0,0,0,0,0,0,0,1,0,0,0,0,0,0,1,0,0,1,0,0,0,0,0,0,0,0,0,0,0,0,0,0,1,0,0,0,0,0,0,0,0,0,0,1,0,0,0,0,0,0
Zr_+3,Zr,3,0,1,-1,0,1,-1,0,1,1,1,-1,-1,-1,0,1,-1,0,1,1,1,-1,-1,-1,0,1,-1,0,1,1,1,1,1,-1,-1,-1,-1,-1,0,1,1,1,-1,-1,-1,1,0,0,0,1,0,0,0,0,0,0,0,0,0,1,0,0,0,0,0,0,1,0,0,1,0,0,0,0,0,0,0,0,0,0,0,0,0,0,1,0,0,0,0,0,0,0,0,0,0,1,0,0,0,0,0,0,1,0,0,1,0,0,0,0,0,0,0,0,0,0,0,0,0,0,1,0,0,0,0,0,0,0,0,0,0,1,0,0,0,0,0,0
Zr_+4,Zr,4,0,1,-1,0,1,-1,0,1,1,1,-1,-1,-1,0,1,-1,0,1,1,1,-1,-1,-1,0,1,-1,0,1,1,1,1,1,-1,-1,-1,-1,-1,0,1,1,1,-1,-1,-1,1,0,0,1,0,0,0,0,0,0,0,0,0,0,1,0,0,0,0,0,0,1,0,0,1,0,0,0,0,0,0,0,0,0,0,0,0,0,0,1,0,0,0,0,0,0,0,0,0,0,1,0,0,0,0,0,0,1,0,0,1,0,0,0,0,0,0,0,0,0,0,0,0,0,0,1,0,0,0,0,0,0,0,0,0,0,1,0,0,0,0,0,0
